id,wave,age_missing,income_missing,smoker_code_missing
73557,H,0,0,0
73558,H,0,0,0
73559,H,0,0,0
73561,H,0,0,0
73562,H,0,0,0
73564,H,0,0,0
73565,H,0,0,0
73566,H,0,0,0
73567,H,0,0,0
73568,H,0,0,0
73571,H,0,0,0
73574,H,0,0,0
73577,H,0,0,0
73578,H,0,0,0
73580,H,0,1,0
73581,H,0,0,0
73582,H,0,0,0
73585,H,0,0,0
73589,H,0,0,0
73592,H,0,0,0
73594,H,0,0,0
73595,H,0,0,0
73596,H,0,0,0
73597,H,0,0,0
73598,H,0,1,0
73600,H,0,0,0
73603,H,0,0,0
73604,H,0,0,0
73607,H,0,0,0
73610,H,0,0,0
73613,H,0,0,0
73614,H,0,0,0
73615,H,0,0,0
73616,H,0,0,0
73618,H,0,1,0
73619,H,0,0,0
73621,H,0,0,0
73622,H,0,0,0
73623,H,0,0,0
73624,H,0,0,0
73626,H,0,0,0
73628,H,0,0,0
73629,H,0,0,0
73631,H,0,0,0
73632,H,0,0,0
73633,H,0,0,0
73634,H,0,0,0
73638,H,0,0,0
73639,H,0,0,0
73640,H,0,0,0
73641,H,0,0,0
73642,H,0,0,0
73643,H,0,0,0
73645,H,0,0,0
73647,H,0,0,0
73652,H,0,0,0
73654,H,0,0,0
73655,H,0,0,0
73656,H,0,0,0
73657,H,0,0,0
73658,H,0,0,0
73659,H,0,0,0
73660,H,0,0,0
73661,H,0,0,0
73662,H,0,0,0
73663,H,0,0,0
73665,H,0,0,0
73666,H,0,0,0
73667,H,0,0,0
73668,H,0,0,0
73670,H,0,0,0
73671,H,0,0,0
73672,H,0,0,0
73673,H,0,0,0
73674,H,0,1,0
73675,H,0,0,0
73676,H,0,0,0
73677,H,0,0,0
73678,H,0,0,0
73684,H,0,0,0
73688,H,0,0,0
73689,H,0,0,0
73690,H,0,0,0
73692,H,0,0,0
73693,H,0,0,0
73694,H,0,0,0
73695,H,0,0,0
73697,H,0,0,0
73698,H,0,0,0
73699,H,0,1,0
73701,H,0,0,0
73702,H,0,0,0
73703,H,0,1,0
73706,H,0,0,0
73707,H,0,0,0
73708,H,0,0,0
73709,H,0,0,0
73712,H,0,0,0
73714,H,0,0,0
73715,H,0,0,0
73716,H,0,0,0
73717,H,0,0,0
73718,H,0,0,0
73720,H,0,0,0
73721,H,0,0,0
73722,H,0,0,0
73723,H,0,0,0
73724,H,0,1,0
73725,H,0,0,0
73726,H,0,0,0
73729,H,0,0,0
73730,H,0,0,0
73732,H,0,0,0
73733,H,0,1,0
73735,H,0,0,0
73736,H,0,1,0
73737,H,0,0,0
73738,H,0,0,0
73739,H,0,0,0
73740,H,0,0,0
73741,H,0,1,0
73746,H,0,0,0
73747,H,0,0,0
73749,H,0,1,0
73751,H,0,0,0
73755,H,0,0,0
73756,H,0,1,0
73757,H,0,0,0
73760,H,0,0,0
73763,H,0,0,0
73765,H,0,0,0
73766,H,0,0,0
73767,H,0,0,0
73769,H,0,1,0
73770,H,0,0,0
73772,H,0,0,0
73773,H,0,0,0
73774,H,0,1,0
73776,H,0,0,0
73778,H,0,0,0
73779,H,0,0,0
73780,H,0,1,0
73781,H,0,1,0
73782,H,0,0,0
73783,H,0,0,0
73785,H,0,0,0
73786,H,0,0,0
73787,H,0,0,0
73790,H,0,0,0
73792,H,0,0,0
73795,H,0,0,0
73797,H,0,0,0
73800,H,0,0,0
73801,H,0,0,0
73802,H,0,0,0
73804,H,0,0,0
73805,H,0,0,0
73806,H,0,0,0
73807,H,0,0,0
73808,H,0,0,0
73809,H,0,0,0
73810,H,0,0,0
73811,H,0,0,0
73813,H,0,0,0
73815,H,0,0,0
73816,H,0,0,0
73820,H,0,0,0
73821,H,0,0,0
73823,H,0,0,0
73825,H,0,0,0
73830,H,0,0,0
73831,H,0,0,0
73832,H,0,0,0
73833,H,0,0,0
73834,H,0,1,0
73837,H,0,0,0
73839,H,0,0,0
73840,H,0,0,0
73842,H,0,0,0
73843,H,0,0,0
73845,H,0,0,0
73846,H,0,0,0
73847,H,0,0,0
73848,H,0,0,0
73850,H,0,0,0
73851,H,0,0,0
73852,H,0,0,0
73855,H,0,0,0
73857,H,0,0,0
73858,H,0,0,0
73859,H,0,0,0
73860,H,0,0,0
73861,H,0,0,0
73862,H,0,0,0
73863,H,0,0,0
73864,H,0,0,0
73865,H,0,0,0
73866,H,0,0,0
73867,H,0,0,0
73868,H,0,0,0
73870,H,0,0,0
73871,H,0,0,0
73872,H,0,1,0
73873,H,0,0,0
73875,H,0,0,0
73878,H,0,0,0
73879,H,0,0,0
73880,H,0,0,0
73881,H,0,0,0
73882,H,0,0,0
73883,H,0,0,0
73884,H,0,0,0
73886,H,0,0,0
73888,H,0,0,0
73896,H,0,1,0
73899,H,0,0,0
73900,H,0,0,0
73901,H,0,0,0
73902,H,0,0,0
73906,H,0,0,0
73908,H,0,0,0
73910,H,0,0,0
73913,H,0,0,0
73914,H,0,1,0
73916,H,0,0,0
73918,H,0,0,0
73919,H,0,0,0
73920,H,0,0,0
73921,H,0,0,0
73922,H,0,0,0
73924,H,0,1,0
73925,H,0,0,0
73926,H,0,0,0
73928,H,0,0,0
73930,H,0,0,0
73931,H,0,0,0
73932,H,0,0,0
73934,H,0,0,0
73935,H,0,1,0
73937,H,0,0,0
73938,H,0,0,0
73941,H,0,0,0
73943,H,0,0,0
73945,H,0,0,0
73949,H,0,0,0
73952,H,0,0,0
73954,H,0,0,0
73955,H,0,0,0
73957,H,0,0,0
73962,H,0,0,0
73964,H,0,0,0
73973,H,0,0,0
73974,H,0,0,0
73975,H,0,0,0
73977,H,0,0,0
73979,H,0,0,0
73980,H,0,1,0
73981,H,0,0,0
73983,H,0,0,0
73985,H,0,0,0
73987,H,0,0,0
73990,H,0,0,0
73992,H,0,0,0
73993,H,0,0,0
73994,H,0,0,0
73995,H,0,0,0
73998,H,0,0,0
73999,H,0,0,0
74001,H,0,0,0
74002,H,0,0,0
74003,H,0,0,0
74004,H,0,0,0
74005,H,0,0,0
74006,H,0,0,0
74007,H,0,0,0
74008,H,0,0,0
74010,H,0,0,0
74011,H,0,0,0
74012,H,0,0,0
74013,H,0,0,0
74014,H,0,1,0
74016,H,0,0,0
74017,H,0,0,0
74018,H,0,0,0
74022,H,0,0,0
74023,H,0,0,0
74025,H,0,0,0
74027,H,0,0,0
74028,H,0,0,0
74029,H,0,0,0
74031,H,0,0,0
74032,H,0,0,0
74033,H,0,0,0
74036,H,0,1,0
74037,H,0,0,0
74038,H,0,0,0
74041,H,0,1,0
74042,H,0,0,0
74044,H,0,0,0
74045,H,0,0,0
74046,H,0,0,0
74047,H,0,0,0
74048,H,0,0,0
74049,H,0,0,0
74050,H,0,0,0
74051,H,0,0,0
74052,H,0,0,0
74054,H,0,0,0
74055,H,0,0,0
74056,H,0,0,0
74057,H,0,0,0
74058,H,0,0,0
74059,H,0,0,0
74062,H,0,0,0
74063,H,0,0,0
74065,H,0,0,0
74066,H,0,0,0
74070,H,0,0,0
74072,H,0,0,0
74075,H,0,0,0
74077,H,0,0,0
74078,H,0,0,0
74081,H,0,0,0
74083,H,0,0,0
74085,H,0,0,0
74087,H,0,0,0
74090,H,0,0,0
74091,H,0,0,0
74096,H,0,0,0
74097,H,0,0,0
74099,H,0,0,0
74100,H,0,0,0
74101,H,0,0,0
74102,H,0,0,0
74109,H,0,0,0
74110,H,0,0,0
74111,H,0,0,0
74112,H,0,0,0
74115,H,0,0,0
74116,H,0,0,0
74118,H,0,0,0
74119,H,0,0,0
74120,H,0,0,0
74122,H,0,0,0
74123,H,0,0,0
74124,H,0,0,0
74125,H,0,1,0
74126,H,0,0,0
74127,H,0,0,0
74128,H,0,0,0
74129,H,0,0,0
74131,H,0,0,0
74132,H,0,0,0
74134,H,0,0,0
74138,H,0,0,0
74139,H,0,0,0
74141,H,0,0,0
74142,H,0,0,0
74143,H,0,0,0
74144,H,0,0,0
74146,H,0,0,0
74147,H,0,0,0
74148,H,0,0,0
74149,H,0,0,0
74150,H,0,0,0
74152,H,0,0,0
74153,H,0,1,0
74154,H,0,0,0
74155,H,0,0,0
74158,H,0,0,0
74159,H,0,0,0
74160,H,0,0,0
74162,H,0,1,0
74164,H,0,0,0
74166,H,0,0,0
74169,H,0,0,0
74170,H,0,0,0
74172,H,0,0,0
74173,H,0,0,0
74175,H,0,0,0
74176,H,0,0,0
74178,H,0,0,0
74180,H,0,0,0
74181,H,0,0,0
74184,H,0,0,0
74186,H,0,0,0
74187,H,0,1,0
74188,H,0,1,0
74190,H,0,0,0
74191,H,0,0,0
74193,H,0,0,0
74195,H,0,0,0
74196,H,0,0,0
74197,H,0,0,0
74198,H,0,0,0
74199,H,0,0,0
74201,H,0,0,0
74202,H,0,0,0
74203,H,0,0,0
74205,H,0,0,0
74207,H,0,0,0
74211,H,0,0,0
74214,H,0,0,0
74219,H,0,0,0
74221,H,0,1,0
74222,H,0,0,0
74224,H,0,0,0
74225,H,0,0,0
74226,H,0,0,0
74227,H,0,0,0
74230,H,0,0,0
74231,H,0,0,0
74232,H,0,0,0
74233,H,0,0,0
74235,H,0,0,0
74237,H,0,0,0
74239,H,0,0,0
74240,H,0,0,0
74241,H,0,0,0
74243,H,0,0,0
74246,H,0,0,0
74247,H,0,0,0
74251,H,0,0,0
74252,H,0,0,0
74253,H,0,0,0
74254,H,0,0,0
74259,H,0,0,0
74260,H,0,0,0
74262,H,0,0,0
74264,H,0,0,0
74265,H,0,0,0
74268,H,0,0,0
74270,H,0,0,0
74275,H,0,0,0
74276,H,0,0,0
74278,H,0,0,0
74279,H,0,0,0
74280,H,0,1,0
74281,H,0,0,0
74282,H,0,0,0
74283,H,0,0,0
74284,H,0,0,0
74285,H,0,0,0
74287,H,0,0,0
74290,H,0,0,0
74292,H,0,0,0
74293,H,0,0,0
74294,H,0,0,0
74295,H,0,0,0
74296,H,0,0,0
74298,H,0,0,0
74300,H,0,0,0
74301,H,0,0,0
74302,H,0,0,0
74304,H,0,0,0
74305,H,0,0,0
74306,H,0,0,0
74310,H,0,0,0
74312,H,0,0,0
74313,H,0,0,0
74314,H,0,0,0
74317,H,0,0,0
74318,H,0,0,0
74319,H,0,0,0
74322,H,0,0,0
74323,H,0,0,0
74324,H,0,0,0
74328,H,0,0,0
74329,H,0,1,0
74331,H,0,0,0
74332,H,0,0,0
74338,H,0,0,0
74340,H,0,0,0
74341,H,0,0,0
74344,H,0,1,0
74345,H,0,0,0
74346,H,0,0,0
74348,H,0,0,0
74349,H,0,0,0
74350,H,0,1,0
74352,H,0,0,0
74353,H,0,0,0
74355,H,0,1,0
74356,H,0,0,0
74357,H,0,0,0
74359,H,0,0,0
74366,H,0,0,0
74367,H,0,1,0
74368,H,0,0,0
74374,H,0,0,0
74375,H,0,0,0
74376,H,0,0,0
74378,H,0,0,0
74379,H,0,0,0
74380,H,0,0,0
74381,H,0,0,0
74383,H,0,0,0
74384,H,0,0,0
74385,H,0,0,0
74386,H,0,0,0
74388,H,0,0,0
74393,H,0,0,0
74394,H,0,0,0
74395,H,0,0,0
74396,H,0,0,0
74397,H,0,0,0
74398,H,0,0,0
74399,H,0,0,0
74400,H,0,0,0
74401,H,0,0,0
74402,H,0,0,0
74403,H,0,0,0
74408,H,0,0,0
74411,H,0,0,0
74412,H,0,0,0
74413,H,0,0,0
74417,H,0,0,0
74418,H,0,0,0
74419,H,0,1,0
74421,H,0,0,0
74422,H,0,0,0
74424,H,0,0,0
74425,H,0,0,0
74432,H,0,1,0
74433,H,0,0,0
74434,H,0,0,0
74435,H,0,0,0
74436,H,0,0,0
74437,H,0,0,0
74440,H,0,0,0
74441,H,0,0,0
74442,H,0,0,0
74445,H,0,0,0
74446,H,0,0,0
74449,H,0,0,0
74451,H,0,0,0
74454,H,0,0,0
74455,H,0,0,0
74459,H,0,0,0
74460,H,0,0,0
74462,H,0,0,0
74463,H,0,0,0
74464,H,0,0,0
74465,H,0,0,0
74466,H,0,0,0
74473,H,0,0,0
74476,H,0,0,0
74479,H,0,0,0
74480,H,0,0,0
74481,H,0,1,0
74486,H,0,0,0
74487,H,0,0,0
74489,H,0,0,0
74490,H,0,0,0
74493,H,0,0,0
74498,H,0,0,0
74499,H,0,0,0
74502,H,0,0,0
74503,H,0,0,0
74504,H,0,0,0
74505,H,0,0,0
74508,H,0,0,0
74509,H,0,0,0
74510,H,0,0,0
74511,H,0,0,0
74512,H,0,0,0
74519,H,0,0,0
74521,H,0,0,0
74523,H,0,0,0
74524,H,0,0,0
74526,H,0,0,0
74529,H,0,0,0
74531,H,0,0,0
74532,H,0,0,0
74534,H,0,0,0
74536,H,0,0,0
74537,H,0,0,0
74538,H,0,0,0
74539,H,0,0,0
74542,H,0,0,0
74543,H,0,0,0
74546,H,0,0,0
74547,H,0,0,0
74548,H,0,0,0
74549,H,0,0,0
74551,H,0,0,0
74552,H,0,0,0
74554,H,0,0,0
74556,H,0,0,0
74557,H,0,0,0
74559,H,0,0,0
74560,H,0,0,0
74562,H,0,0,0
74563,H,0,0,0
74564,H,0,0,0
74565,H,0,1,0
74566,H,0,0,0
74567,H,0,0,0
74569,H,0,0,0
74570,H,0,0,0
74571,H,0,0,0
74574,H,0,0,0
74576,H,0,0,0
74579,H,0,0,0
74581,H,0,0,0
74582,H,0,0,0
74583,H,0,0,0
74586,H,0,0,0
74587,H,0,0,0
74588,H,0,0,0
74589,H,0,0,0
74590,H,0,1,0
74591,H,0,0,0
74594,H,0,0,0
74596,H,0,0,0
74598,H,0,0,0
74600,H,0,0,0
74601,H,0,0,0
74602,H,0,0,0
74605,H,0,0,0
74609,H,0,0,0
74611,H,0,0,0
74612,H,0,0,0
74613,H,0,0,0
74616,H,0,0,0
74619,H,0,0,0
74623,H,0,0,0
74624,H,0,0,0
74625,H,0,1,0
74627,H,0,0,0
74628,H,0,0,0
74630,H,0,0,0
74631,H,0,0,0
74632,H,0,0,0
74633,H,0,0,0
74636,H,0,0,0
74638,H,0,0,0
74639,H,0,0,0
74641,H,0,0,0
74642,H,0,0,0
74644,H,0,1,0
74645,H,0,0,0
74646,H,0,0,0
74648,H,0,0,0
74650,H,0,0,0
74652,H,0,0,0
74653,H,0,0,0
74654,H,0,0,0
74655,H,0,0,0
74656,H,0,0,0
74660,H,0,0,0
74661,H,0,0,0
74663,H,0,0,0
74668,H,0,0,0
74669,H,0,0,0
74670,H,0,0,0
74673,H,0,0,0
74674,H,0,0,0
74675,H,0,0,0
74676,H,0,0,0
74678,H,0,0,0
74679,H,0,1,0
74680,H,0,0,0
74683,H,0,0,0
74685,H,0,0,0
74686,H,0,0,0
74689,H,0,0,0
74692,H,0,0,0
74693,H,0,1,0
74694,H,0,1,0
74695,H,0,0,0
74696,H,0,0,0
74697,H,0,0,0
74698,H,0,0,0
74702,H,0,0,0
74703,H,0,0,0
74704,H,0,0,0
74705,H,0,0,0
74707,H,0,0,0
74708,H,0,0,0
74709,H,0,0,0
74711,H,0,0,0
74714,H,0,0,0
74717,H,0,1,0
74718,H,0,0,0
74719,H,0,0,0
74721,H,0,0,0
74723,H,0,0,0
74725,H,0,0,0
74728,H,0,0,0
74731,H,0,0,0
74732,H,0,0,0
74733,H,0,0,0
74734,H,0,0,0
74737,H,0,0,0
74741,H,0,0,0
74742,H,0,0,0
74743,H,0,0,0
74744,H,0,0,0
74745,H,0,0,0
74746,H,0,0,0
74747,H,0,0,0
74748,H,0,1,0
74751,H,0,0,0
74756,H,0,0,0
74760,H,0,0,0
74763,H,0,0,0
74764,H,0,0,0
74765,H,0,0,0
74766,H,0,0,0
74769,H,0,0,0
74772,H,0,0,0
74773,H,0,0,0
74774,H,0,0,0
74776,H,0,0,0
74778,H,0,0,0
74779,H,0,1,0
74781,H,0,0,0
74782,H,0,0,0
74784,H,0,0,0
74787,H,0,0,0
74790,H,0,0,0
74791,H,0,1,0
74794,H,0,0,0
74797,H,0,0,0
74800,H,0,0,0
74801,H,0,0,0
74802,H,0,1,0
74803,H,0,0,0
74804,H,0,1,0
74807,H,0,1,0
74812,H,0,0,0
74814,H,0,0,0
74815,H,0,0,0
74817,H,0,0,0
74818,H,0,0,0
74822,H,0,0,0
74823,H,0,0,0
74824,H,0,0,0
74826,H,0,0,0
74829,H,0,0,0
74831,H,0,0,0
74832,H,0,0,0
74834,H,0,1,0
74837,H,0,0,0
74839,H,0,0,0
74841,H,0,1,0
74843,H,0,0,0
74844,H,0,0,0
74845,H,0,0,0
74851,H,0,0,0
74853,H,0,0,0
74854,H,0,0,0
74859,H,0,0,0
74860,H,0,0,0
74861,H,0,0,0
74862,H,0,0,0
74865,H,0,1,0
74866,H,0,0,0
74867,H,0,0,0
74869,H,0,0,0
74872,H,0,0,0
74874,H,0,0,0
74878,H,0,0,0
74879,H,0,0,0
74880,H,0,0,0
74882,H,0,0,0
74883,H,0,0,0
74885,H,0,0,0
74886,H,0,0,0
74888,H,0,0,0
74889,H,0,0,0
74890,H,0,0,0
74891,H,0,0,0
74893,H,0,0,0
74897,H,0,0,0
74900,H,0,0,0
74901,H,0,0,0
74902,H,0,0,0
74904,H,0,0,0
74905,H,0,0,0
74907,H,0,0,0
74909,H,0,0,0
74910,H,0,0,0
74916,H,0,0,0
74918,H,0,0,0
74919,H,0,0,0
74923,H,0,0,0
74928,H,0,0,0
74929,H,0,0,0
74931,H,0,1,0
74932,H,0,1,0
74933,H,0,0,0
74935,H,0,1,0
74936,H,0,0,0
74937,H,0,0,0
74938,H,0,0,0
74940,H,0,0,0
74941,H,0,0,0
74942,H,0,0,0
74943,H,0,0,0
74945,H,0,0,0
74946,H,0,0,0
74948,H,0,0,0
74950,H,0,0,0
74951,H,0,1,0
74953,H,0,0,0
74954,H,0,0,0
74958,H,0,0,0
74960,H,0,0,0
74961,H,0,0,0
74963,H,0,0,0
74965,H,0,1,0
74969,H,0,0,0
74971,H,0,0,0
74972,H,0,0,0
74974,H,0,0,0
74977,H,0,0,0
74978,H,0,0,0
74979,H,0,0,0
74981,H,0,1,0
74982,H,0,1,0
74983,H,0,0,0
74984,H,0,1,0
74985,H,0,0,0
74989,H,0,0,0
74990,H,0,0,0
74996,H,0,0,0
74997,H,0,0,0
74998,H,0,0,0
75000,H,0,0,0
75002,H,0,0,0
75003,H,0,0,0
75004,H,0,0,0
75007,H,0,0,0
75010,H,0,1,0
75011,H,0,0,0
75012,H,0,0,0
75013,H,0,0,0
75014,H,0,0,0
75016,H,0,0,0
75017,H,0,0,0
75018,H,0,0,0
75020,H,0,0,0
75023,H,0,0,0
75027,H,0,0,0
75029,H,0,1,0
75030,H,0,0,0
75031,H,0,0,0
75032,H,0,0,0
75034,H,0,0,0
75042,H,0,0,0
75044,H,0,0,0
75047,H,0,0,0
75049,H,0,1,0
75056,H,0,0,0
75057,H,0,0,0
75058,H,0,0,0
75060,H,0,0,0
75061,H,0,0,0
75063,H,0,0,0
75064,H,0,1,0
75065,H,0,0,0
75066,H,0,0,0
75068,H,0,0,0
75070,H,0,0,0
75071,H,0,0,0
75075,H,0,0,0
75076,H,0,0,0
75078,H,0,0,0
75081,H,0,1,0
75083,H,0,0,0
75084,H,0,0,0
75085,H,0,0,0
75088,H,0,0,0
75089,H,0,0,0
75090,H,0,0,0
75092,H,0,0,0
75093,H,0,0,0
75097,H,0,0,0
75098,H,0,0,0
75099,H,0,0,0
75103,H,0,0,0
75104,H,0,0,0
75105,H,0,0,0
75108,H,0,0,0
75109,H,0,0,0
75111,H,0,0,0
75112,H,0,0,0
75113,H,0,0,0
75114,H,0,0,0
75117,H,0,0,0
75118,H,0,0,0
75121,H,0,1,0
75123,H,0,0,0
75124,H,0,0,0
75125,H,0,0,0
75127,H,0,0,0
75128,H,0,0,0
75129,H,0,0,0
75131,H,0,0,0
75132,H,0,0,0
75134,H,0,0,0
75136,H,0,0,0
75137,H,0,0,0
75139,H,0,0,0
75140,H,0,0,0
75146,H,0,0,0
75147,H,0,0,0
75149,H,0,0,0
75150,H,0,0,0
75151,H,0,0,0
75154,H,0,0,0
75155,H,0,0,0
75156,H,0,0,0
75157,H,0,0,0
75158,H,0,0,0
75159,H,0,0,0
75160,H,0,0,0
75161,H,0,0,0
75162,H,0,1,0
75164,H,0,0,0
75170,H,0,0,0
75173,H,0,0,0
75174,H,0,0,0
75175,H,0,0,0
75176,H,0,0,0
75178,H,0,0,0
75179,H,0,0,0
75181,H,0,0,0
75185,H,0,0,0
75187,H,0,0,0
75188,H,0,0,0
75189,H,0,0,0
75190,H,0,0,0
75191,H,0,0,0
75193,H,0,1,0
75195,H,0,0,0
75196,H,0,0,0
75202,H,0,0,0
75203,H,0,0,0
75205,H,0,0,0
75207,H,0,0,0
75209,H,0,0,0
75211,H,0,0,0
75212,H,0,0,0
75213,H,0,0,0
75214,H,0,0,0
75216,H,0,0,0
75217,H,0,0,0
75220,H,0,0,0
75221,H,0,0,0
75222,H,0,0,0
75223,H,0,0,0
75224,H,0,0,0
75227,H,0,0,0
75231,H,0,0,0
75232,H,0,0,0
75236,H,0,0,0
75237,H,0,0,0
75243,H,0,0,0
75244,H,0,0,0
75249,H,0,0,0
75251,H,0,0,0
75252,H,0,0,0
75254,H,0,1,0
75256,H,0,0,0
75257,H,0,0,0
75258,H,0,0,0
75259,H,0,0,0
75260,H,0,0,0
75262,H,0,0,0
75263,H,0,1,0
75264,H,0,0,0
75268,H,0,0,0
75269,H,0,0,0
75270,H,0,0,0
75273,H,0,0,0
75274,H,0,0,0
75277,H,0,0,0
75278,H,0,0,0
75279,H,0,0,0
75282,H,0,0,0
75283,H,0,0,0
75285,H,0,0,0
75287,H,0,0,0
75288,H,0,0,0
75289,H,0,0,0
75290,H,0,1,0
75291,H,0,0,0
75293,H,0,0,0
75295,H,0,1,0
75298,H,0,0,0
75299,H,0,0,0
75301,H,0,0,0
75302,H,0,0,0
75305,H,0,0,0
75306,H,0,0,0
75307,H,0,0,0
75309,H,0,0,0
75311,H,0,0,0
75315,H,0,0,0
75321,H,0,0,0
75324,H,0,0,0
75325,H,0,0,0
75326,H,0,1,0
75327,H,0,0,0
75328,H,0,0,0
75329,H,0,0,0
75330,H,0,0,0
75331,H,0,0,0
75332,H,0,0,0
75333,H,0,0,0
75334,H,0,0,0
75335,H,0,0,0
75336,H,0,1,0
75337,H,0,0,0
75338,H,0,0,0
75339,H,0,0,0
75340,H,0,0,0
75342,H,0,0,0
75343,H,0,0,0
75344,H,0,0,0
75345,H,0,1,0
75346,H,0,0,0
75347,H,0,0,0
75349,H,0,0,0
75350,H,0,0,0
75351,H,0,0,0
75352,H,0,1,0
75356,H,0,1,0
75358,H,0,1,0
75359,H,0,1,0
75361,H,0,0,0
75362,H,0,0,0
75364,H,0,0,0
75366,H,0,0,0
75370,H,0,0,0
75374,H,0,0,0
75375,H,0,0,0
75376,H,0,0,0
75377,H,0,0,0
75379,H,0,0,0
75381,H,0,0,0
75382,H,0,0,0
75384,H,0,1,0
75385,H,0,0,0
75389,H,0,0,0
75390,H,0,0,0
75391,H,0,0,0
75393,H,0,0,0
75395,H,0,0,0
75397,H,0,0,0
75399,H,0,0,0
75400,H,0,0,0
75403,H,0,0,0
75404,H,0,0,0
75405,H,0,0,0
75406,H,0,0,0
75407,H,0,0,0
75409,H,0,0,0
75413,H,0,0,0
75414,H,0,0,0
75415,H,0,0,0
75416,H,0,0,0
75417,H,0,0,0
75418,H,0,0,0
75419,H,0,0,0
75422,H,0,0,0
75423,H,0,0,0
75424,H,0,1,0
75425,H,0,0,0
75426,H,0,0,0
75428,H,0,0,0
75432,H,0,1,0
75434,H,0,0,0
75435,H,0,0,0
75440,H,0,0,0
75443,H,0,0,0
75444,H,0,0,0
75445,H,0,0,0
75446,H,0,0,0
75447,H,0,0,0
75449,H,0,0,0
75450,H,0,0,0
75451,H,0,0,0
75456,H,0,0,0
75457,H,0,0,0
75458,H,0,0,0
75461,H,0,0,0
75462,H,0,0,0
75465,H,0,0,0
75467,H,0,0,0
75468,H,0,0,0
75469,H,0,0,0
75472,H,0,0,0
75473,H,0,0,0
75476,H,0,0,0
75479,H,0,0,0
75482,H,0,0,0
75483,H,0,0,0
75486,H,0,0,0
75487,H,0,1,0
75490,H,0,0,0
75491,H,0,1,0
75492,H,0,0,0
75495,H,0,0,0
75496,H,0,0,0
75498,H,0,1,0
75499,H,0,0,0
75500,H,0,0,0
75504,H,0,0,0
75505,H,0,0,0
75506,H,0,0,0
75507,H,0,1,0
75511,H,0,0,0
75515,H,0,0,0
75517,H,0,0,0
75519,H,0,0,0
75521,H,0,0,0
75522,H,0,0,0
75523,H,0,0,0
75524,H,0,0,0
75526,H,0,0,0
75527,H,0,0,0
75528,H,0,0,0
75529,H,0,0,0
75531,H,0,0,0
75532,H,0,0,0
75533,H,0,0,0
75534,H,0,0,0
75536,H,0,0,0
75537,H,0,0,0
75538,H,0,0,0
75539,H,0,0,0
75540,H,0,0,0
75542,H,0,1,0
75543,H,0,0,0
75544,H,0,0,0
75546,H,0,0,0
75547,H,0,1,0
75549,H,0,1,0
75550,H,0,0,0
75551,H,0,0,0
75552,H,0,0,0
75553,H,0,0,0
75555,H,0,0,0
75556,H,0,0,0
75557,H,0,0,0
75558,H,0,0,0
75562,H,0,0,0
75563,H,0,1,0
75566,H,0,0,0
75567,H,0,1,0
75568,H,0,0,0
75571,H,0,0,0
75572,H,0,0,0
75573,H,0,0,0
75576,H,0,0,0
75579,H,0,0,0
75581,H,0,0,0
75584,H,0,0,0
75585,H,0,1,0
75588,H,0,0,0
75590,H,0,0,0
75591,H,0,0,0
75592,H,0,0,0
75593,H,0,1,0
75594,H,0,0,0
75595,H,0,0,0
75596,H,0,0,0
75598,H,0,0,0
75601,H,0,0,0
75607,H,0,0,0
75609,H,0,0,0
75610,H,0,0,0
75611,H,0,1,0
75612,H,0,0,0
75613,H,0,1,0
75616,H,0,0,0
75619,H,0,0,0
75620,H,0,0,0
75621,H,0,0,0
75624,H,0,0,0
75625,H,0,0,0
75628,H,0,0,0
75630,H,0,0,0
75631,H,0,0,0
75635,H,0,0,0
75636,H,0,0,0
75637,H,0,0,0
75640,H,0,0,0
75641,H,0,0,0
75643,H,0,0,0
75644,H,0,1,0
75646,H,0,0,0
75647,H,0,0,0
75648,H,0,0,0
75653,H,0,0,0
75654,H,0,0,0
75655,H,0,0,0
75660,H,0,0,0
75662,H,0,0,0
75663,H,0,0,0
75664,H,0,0,0
75666,H,0,0,0
75667,H,0,0,0
75669,H,0,0,0
75670,H,0,0,0
75674,H,0,0,0
75679,H,0,0,0
75681,H,0,0,0
75682,H,0,0,0
75683,H,0,1,0
75684,H,0,0,0
75685,H,0,0,0
75686,H,0,0,0
75687,H,0,0,0
75688,H,0,0,0
75689,H,0,0,0
75690,H,0,0,0
75691,H,0,0,0
75692,H,0,0,0
75695,H,0,0,0
75696,H,0,0,0
75698,H,0,0,0
75699,H,0,0,0
75700,H,0,0,0
75702,H,0,0,0
75704,H,0,0,0
75705,H,0,0,0
75706,H,0,0,0
75709,H,0,0,0
75710,H,0,0,0
75714,H,0,0,0
75717,H,0,0,0
75721,H,0,0,0
75723,H,0,0,0
75724,H,0,0,0
75725,H,0,0,0
75726,H,0,0,0
75730,H,0,0,0
75733,H,0,0,0
75734,H,0,0,0
75735,H,0,0,0
75737,H,0,0,0
75738,H,0,0,0
75739,H,0,0,0
75742,H,0,0,0
75743,H,0,0,0
75744,H,0,0,0
75745,H,0,0,0
75747,H,0,0,0
75748,H,0,0,0
75749,H,0,0,0
75750,H,0,0,0
75751,H,0,0,0
75753,H,0,0,0
75754,H,0,0,0
75755,H,0,0,0
75758,H,0,0,0
75762,H,0,0,0
75763,H,0,0,0
75768,H,0,0,0
75769,H,0,0,0
75771,H,0,1,0
75773,H,0,0,0
75774,H,0,0,0
75775,H,0,1,0
75776,H,0,0,0
75778,H,0,0,0
75779,H,0,1,0
75780,H,0,0,0
75781,H,0,0,0
75783,H,0,0,0
75784,H,0,0,0
75785,H,0,0,0
75786,H,0,0,0
75787,H,0,1,0
75788,H,0,0,0
75789,H,0,0,0
75790,H,0,0,0
75792,H,0,0,0
75795,H,0,0,0
75797,H,0,0,0
75799,H,0,0,0
75803,H,0,0,0
75805,H,0,0,0
75807,H,0,0,0
75808,H,0,1,0
75814,H,0,0,0
75817,H,0,0,0
75819,H,0,0,0
75820,H,0,0,0
75821,H,0,0,0
75822,H,0,0,0
75823,H,0,0,0
75824,H,0,0,0
75825,H,0,0,0
75826,H,0,0,0
75828,H,0,0,0
75830,H,0,0,0
75831,H,0,0,0
75835,H,0,0,0
75837,H,0,0,0
75838,H,0,0,0
75839,H,0,0,0
75840,H,0,0,0
75841,H,0,0,0
75842,H,0,1,0
75845,H,0,0,0
75848,H,0,0,0
75850,H,0,0,0
75853,H,0,0,0
75854,H,0,0,0
75855,H,0,0,0
75856,H,0,0,0
75858,H,0,0,0
75860,H,0,0,0
75861,H,0,0,0
75863,H,0,1,0
75869,H,0,0,0
75870,H,0,0,0
75871,H,0,0,0
75872,H,0,0,0
75874,H,0,0,0
75879,H,0,0,0
75881,H,0,0,0
75882,H,0,0,0
75883,H,0,0,0
75885,H,0,0,0
75887,H,0,0,0
75888,H,0,0,0
75890,H,0,0,0
75892,H,0,0,0
75893,H,0,0,0
75894,H,0,0,0
75895,H,0,0,0
75896,H,0,0,0
75898,H,0,0,0
75899,H,0,1,0
75900,H,0,0,0
75901,H,0,0,0
75902,H,0,0,0
75903,H,0,0,0
75904,H,0,0,0
75905,H,0,0,0
75907,H,0,0,0
75908,H,0,0,0
75909,H,0,0,0
75910,H,0,0,0
75911,H,0,0,0
75912,H,0,0,0
75913,H,0,1,0
75915,H,0,0,0
75919,H,0,0,0
75921,H,0,0,0
75922,H,0,0,0
75923,H,0,0,0
75924,H,0,0,0
75925,H,0,0,0
75927,H,0,1,0
75928,H,0,0,0
75929,H,0,0,0
75931,H,0,0,0
75932,H,0,0,0
75933,H,0,0,0
75934,H,0,0,0
75936,H,0,0,0
75937,H,0,0,0
75938,H,0,0,0
75942,H,0,0,0
75945,H,0,0,0
75946,H,0,0,0
75949,H,0,0,0
75951,H,0,0,0
75952,H,0,0,0
75954,H,0,0,0
75955,H,0,0,0
75956,H,0,0,0
75957,H,0,0,0
75958,H,0,0,0
75960,H,0,0,0
75962,H,0,0,0
75964,H,0,0,0
75965,H,0,0,0
75966,H,0,0,0
75969,H,0,0,0
75970,H,0,0,0
75973,H,0,0,0
75974,H,0,0,0
75975,H,0,0,0
75976,H,0,0,0
75977,H,0,0,0
75978,H,0,0,0
75980,H,0,0,0
75982,H,0,0,0
75985,H,0,0,0
75986,H,0,0,0
75987,H,0,0,0
75988,H,0,1,0
75989,H,0,0,0
75991,H,0,0,0
75992,H,0,0,0
75993,H,0,0,0
75996,H,0,1,0
75997,H,0,0,0
75998,H,0,0,0
75999,H,0,0,0
76004,H,0,0,0
76006,H,0,0,0
76007,H,0,0,0
76008,H,0,0,0
76010,H,0,0,0
76011,H,0,0,0
76012,H,0,0,0
76015,H,0,0,0
76016,H,0,0,0
76018,H,0,0,0
76019,H,0,0,0
76020,H,0,0,0
76023,H,0,0,0
76024,H,0,0,0
76025,H,0,0,0
76028,H,0,0,0
76030,H,0,0,0
76032,H,0,0,0
76033,H,0,0,0
76034,H,0,0,0
76036,H,0,0,0
76037,H,0,0,0
76039,H,0,0,0
76040,H,0,0,0
76041,H,0,0,0
76042,H,0,0,0
76043,H,0,1,0
76046,H,0,0,0
76048,H,0,0,0
76049,H,0,0,0
76051,H,0,1,0
76054,H,0,0,0
76055,H,0,0,0
76057,H,0,0,0
76059,H,0,0,0
76060,H,0,0,0
76062,H,0,0,0
76064,H,0,0,0
76067,H,0,0,0
76069,H,0,0,0
76071,H,0,0,0
76072,H,0,0,0
76073,H,0,0,0
76074,H,0,0,0
76075,H,0,0,0
76076,H,0,0,0
76077,H,0,0,0
76078,H,0,0,0
76079,H,0,0,0
76081,H,0,0,0
76082,H,0,0,0
76084,H,0,0,0
76086,H,0,0,0
76087,H,0,0,0
76088,H,0,0,0
76090,H,0,0,0
76091,H,0,0,0
76092,H,0,1,0
76094,H,0,0,0
76095,H,0,0,0
76096,H,0,0,0
76097,H,0,0,0
76101,H,0,0,0
76103,H,0,0,0
76104,H,0,0,0
76106,H,0,1,0
76107,H,0,0,0
76108,H,0,0,0
76109,H,0,0,0
76110,H,0,0,0
76112,H,0,0,0
76114,H,0,1,0
76116,H,0,1,0
76117,H,0,0,0
76118,H,0,0,0
76119,H,0,0,0
76120,H,0,0,0
76126,H,0,0,0
76127,H,0,0,0
76128,H,0,0,0
76129,H,0,0,0
76132,H,0,0,0
76133,H,0,0,0
76134,H,0,0,0
76136,H,0,0,0
76137,H,0,0,0
76138,H,0,0,0
76139,H,0,1,0
76140,H,0,0,0
76141,H,0,1,0
76144,H,0,0,0
76145,H,0,0,0
76146,H,0,0,0
76147,H,0,1,0
76148,H,0,0,0
76149,H,0,0,0
76150,H,0,0,0
76151,H,0,0,0
76154,H,0,0,0
76156,H,0,0,0
76157,H,0,0,0
76158,H,0,0,0
76159,H,0,0,0
76160,H,0,0,0
76161,H,0,0,0
76164,H,0,0,0
76167,H,0,1,0
76168,H,0,0,0
76169,H,0,0,0
76170,H,0,0,0
76171,H,0,0,0
76173,H,0,0,0
76174,H,0,0,0
76178,H,0,0,0
76179,H,0,0,0
76180,H,0,0,0
76181,H,0,0,0
76184,H,0,0,0
76186,H,0,0,0
76187,H,0,0,0
76188,H,0,0,0
76190,H,0,0,0
76191,H,0,0,0
76192,H,0,0,0
76193,H,0,0,0
76195,H,0,0,0
76197,H,0,0,0
76199,H,0,0,0
76201,H,0,1,0
76204,H,0,0,0
76206,H,0,0,0
76208,H,0,0,0
76209,H,0,0,0
76212,H,0,0,0
76213,H,0,0,0
76214,H,0,0,0
76215,H,0,0,0
76217,H,0,0,0
76218,H,0,0,0
76220,H,0,0,0
76223,H,0,0,0
76224,H,0,0,0
76225,H,0,1,0
76226,H,0,0,0
76227,H,0,0,0
76230,H,0,1,0
76231,H,0,0,0
76232,H,0,0,0
76233,H,0,1,0
76235,H,0,0,0
76236,H,0,0,0
76238,H,0,0,0
76240,H,0,0,0
76241,H,0,0,0
76242,H,0,0,0
76243,H,0,0,0
76246,H,0,0,0
76248,H,0,0,0
76252,H,0,0,0
76253,H,0,0,0
76256,H,0,0,0
76261,H,0,0,0
76264,H,0,0,0
76267,H,0,0,0
76269,H,0,0,0
76270,H,0,0,0
76271,H,0,0,0
76272,H,0,0,0
76276,H,0,1,0
76277,H,0,0,0
76281,H,0,0,0
76282,H,0,0,0
76284,H,0,0,0
76285,H,0,0,0
76286,H,0,0,0
76288,H,0,0,0
76289,H,0,0,0
76290,H,0,0,0
76292,H,0,1,0
76294,H,0,0,0
76295,H,0,0,0
76296,H,0,0,0
76297,H,0,1,0
76298,H,0,0,0
76301,H,0,0,0
76302,H,0,0,0
76303,H,0,1,0
76304,H,0,0,0
76305,H,0,0,0
76306,H,0,0,0
76307,H,0,0,0
76310,H,0,0,0
76312,H,0,0,0
76313,H,0,0,0
76314,H,0,0,0
76316,H,0,0,0
76317,H,0,1,0
76320,H,0,0,0
76322,H,0,0,0
76325,H,0,0,0
76326,H,0,0,0
76330,H,0,0,0
76333,H,0,0,0
76334,H,0,0,0
76335,H,0,0,0
76342,H,0,0,0
76347,H,0,0,0
76348,H,0,1,0
76349,H,0,0,0
76351,H,0,0,0
76353,H,0,0,0
76354,H,0,0,0
76356,H,0,0,0
76363,H,0,1,0
76365,H,0,0,0
76366,H,0,0,0
76367,H,0,0,0
76369,H,0,0,0
76371,H,0,0,0
76372,H,0,0,0
76373,H,0,0,0
76375,H,0,0,0
76376,H,0,0,0
76377,H,0,0,0
76380,H,0,0,0
76381,H,0,0,0
76383,H,0,0,0
76384,H,0,0,0
76385,H,0,1,0
76387,H,0,0,0
76388,H,0,0,0
76390,H,0,0,0
76391,H,0,0,0
76395,H,0,0,0
76397,H,0,0,0
76399,H,0,1,0
76400,H,0,0,0
76401,H,0,0,0
76402,H,0,0,0
76403,H,0,0,0
76404,H,0,1,0
76405,H,0,0,0
76406,H,0,0,0
76407,H,0,1,0
76408,H,0,0,0
76409,H,0,0,0
76411,H,0,0,0
76412,H,0,0,0
76413,H,0,0,0
76415,H,0,0,0
76418,H,0,0,0
76422,H,0,0,0
76423,H,0,0,0
76424,H,0,0,0
76425,H,0,0,0
76427,H,0,0,0
76429,H,0,1,0
76432,H,0,0,0
76433,H,0,0,0
76434,H,0,1,0
76435,H,0,0,0
76436,H,0,0,0
76437,H,0,0,0
76438,H,0,0,0
76439,H,0,0,0
76440,H,0,0,0
76442,H,0,0,0
76443,H,0,0,0
76444,H,0,0,0
76446,H,0,0,0
76447,H,0,0,0
76451,H,0,0,0
76453,H,0,0,0
76455,H,0,0,0
76459,H,0,0,0
76461,H,0,0,0
76464,H,0,0,0
76465,H,0,0,0
76466,H,0,0,0
76468,H,0,0,0
76469,H,0,0,0
76470,H,0,1,0
76472,H,0,0,0
76475,H,0,0,0
76476,H,0,0,0
76477,H,0,0,0
76480,H,0,0,0
76481,H,0,0,0
76482,H,0,0,0
76484,H,0,0,0
76486,H,0,0,0
76487,H,0,0,0
76488,H,0,0,0
76489,H,0,0,0
76490,H,0,0,0
76491,H,0,0,0
76492,H,0,0,0
76493,H,0,1,0
76494,H,0,0,0
76496,H,0,0,0
76500,H,0,0,0
76506,H,0,0,0
76508,H,0,0,0
76509,H,0,0,0
76510,H,0,0,0
76511,H,0,0,0
76514,H,0,0,0
76515,H,0,0,0
76518,H,0,0,0
76523,H,0,1,0
76524,H,0,0,0
76527,H,0,0,0
76528,H,0,0,0
76529,H,0,0,0
76530,H,0,0,0
76531,H,0,0,0
76532,H,0,0,0
76533,H,0,0,0
76534,H,0,0,0
76536,H,0,0,0
76539,H,0,0,0
76540,H,0,0,0
76541,H,0,0,0
76542,H,0,0,0
76543,H,0,0,0
76548,H,0,0,0
76549,H,0,0,0
76550,H,0,0,0
76551,H,0,0,0
76552,H,0,0,0
76553,H,0,0,0
76556,H,0,0,0
76557,H,0,0,0
76558,H,0,0,0
76560,H,0,0,0
76561,H,0,0,0
76565,H,0,0,0
76567,H,0,0,0
76568,H,0,0,0
76569,H,0,0,0
76571,H,0,0,0
76573,H,0,0,0
76574,H,0,0,0
76575,H,0,0,0
76576,H,0,0,0
76577,H,0,0,0
76578,H,0,0,0
76580,H,0,0,0
76584,H,0,0,0
76586,H,0,0,0
76587,H,0,0,0
76589,H,0,0,0
76590,H,0,0,0
76591,H,0,0,0
76593,H,0,0,0
76596,H,0,0,0
76597,H,0,0,0
76598,H,0,0,0
76599,H,0,1,0
76600,H,0,0,0
76601,H,0,0,0
76602,H,0,0,0
76604,H,0,0,0
76606,H,0,0,0
76608,H,0,1,0
76609,H,0,0,0
76612,H,0,0,0
76613,H,0,0,0
76614,H,0,0,0
76615,H,0,0,0
76616,H,0,0,0
76617,H,0,0,0
76619,H,0,0,0
76622,H,0,0,0
76623,H,0,0,0
76624,H,0,0,0
76626,H,0,0,0
76627,H,0,0,0
76629,H,0,0,0
76630,H,0,0,0
76631,H,0,0,0
76632,H,0,0,0
76633,H,0,0,0
76634,H,0,0,0
76635,H,0,0,0
76636,H,0,0,0
76637,H,0,0,0
76638,H,0,0,0
76639,H,0,0,0
76641,H,0,0,0
76642,H,0,0,0
76643,H,0,0,0
76645,H,0,0,0
76648,H,0,1,0
76649,H,0,0,0
76653,H,0,1,0
76654,H,0,0,0
76655,H,0,0,0
76656,H,0,0,0
76657,H,0,1,0
76659,H,0,1,0
76663,H,0,0,0
76665,H,0,0,0
76666,H,0,0,0
76667,H,0,0,0
76668,H,0,0,0
76669,H,0,0,0
76670,H,0,0,0
76671,H,0,0,0
76672,H,0,0,0
76673,H,0,0,0
76674,H,0,0,0
76675,H,0,0,0
76676,H,0,0,0
76677,H,0,0,0
76679,H,0,0,0
76680,H,0,0,0
76684,H,0,0,0
76686,H,0,1,0
76687,H,0,0,0
76688,H,0,0,0
76689,H,0,0,0
76691,H,0,1,0
76692,H,0,0,0
76695,H,0,0,0
76697,H,0,0,0
76698,H,0,0,0
76700,H,0,0,0
76702,H,0,0,0
76703,H,0,0,0
76704,H,0,0,0
76705,H,0,0,0
76706,H,0,0,0
76707,H,0,0,0
76708,H,0,0,0
76709,H,0,0,0
76712,H,0,0,0
76714,H,0,0,0
76715,H,0,0,0
76716,H,0,0,0
76718,H,0,0,0
76719,H,0,0,0
76722,H,0,0,0
76723,H,0,0,0
76730,H,0,0,0
76731,H,0,0,0
76732,H,0,0,0
76733,H,0,0,0
76734,H,0,0,0
76735,H,0,0,0
76736,H,0,0,0
76737,H,0,0,0
76738,H,0,0,0
76739,H,0,0,0
76740,H,0,0,0
76741,H,0,0,0
76742,H,0,0,0
76745,H,0,0,0
76746,H,0,1,0
76747,H,0,0,0
76751,H,0,0,0
76753,H,0,0,0
76754,H,0,0,0
76755,H,0,0,0
76756,H,0,0,0
76757,H,0,0,0
76764,H,0,0,0
76767,H,0,0,0
76769,H,0,0,0
76771,H,0,1,0
76773,H,0,0,0
76777,H,0,0,0
76778,H,0,0,0
76779,H,0,0,0
76785,H,0,1,0
76789,H,0,0,0
76792,H,0,0,0
76793,H,0,0,0
76796,H,0,0,0
76797,H,0,0,0
76799,H,0,1,0
76800,H,0,0,0
76802,H,0,0,0
76805,H,0,0,0
76807,H,0,0,0
76809,H,0,0,0
76810,H,0,1,0
76811,H,0,0,0
76813,H,0,0,0
76814,H,0,0,0
76815,H,0,1,0
76816,H,0,0,0
76817,H,0,0,0
76818,H,0,0,0
76819,H,0,0,0
76820,H,0,0,0
76821,H,0,0,0
76824,H,0,0,0
76825,H,0,0,0
76826,H,0,0,0
76827,H,0,0,0
76828,H,0,0,0
76831,H,0,0,0
76835,H,0,0,0
76837,H,0,0,0
76840,H,0,0,0
76842,H,0,0,0
76843,H,0,0,0
76846,H,0,0,0
76847,H,0,0,0
76848,H,0,0,0
76849,H,0,0,0
76851,H,0,0,0
76853,H,0,0,0
76854,H,0,0,0
76856,H,0,0,0
76859,H,0,0,0
76860,H,0,0,0
76863,H,0,0,0
76864,H,0,0,0
76865,H,0,1,0
76867,H,0,0,0
76868,H,0,0,0
76870,H,0,0,0
76871,H,0,0,0
76872,H,0,0,0
76877,H,0,1,0
76878,H,0,0,0
76880,H,0,0,0
76882,H,0,0,0
76884,H,0,0,0
76885,H,0,0,0
76886,H,0,0,0
76888,H,0,0,0
76889,H,0,0,0
76891,H,0,0,0
76892,H,0,0,0
76893,H,0,0,0
76894,H,0,0,0
76898,H,0,0,0
76899,H,0,0,0
76900,H,0,0,0
76901,H,0,0,0
76902,H,0,0,0
76903,H,0,0,0
76905,H,0,0,0
76907,H,0,0,0
76908,H,0,0,0
76909,H,0,0,0
76911,H,0,0,0
76912,H,0,0,0
76914,H,0,1,0
76915,H,0,0,0
76917,H,0,0,0
76919,H,0,0,0
76920,H,0,0,0
76921,H,0,0,0
76923,H,0,0,0
76924,H,0,0,0
76925,H,0,0,0
76928,H,0,0,0
76929,H,0,0,0
76931,H,0,0,0
76932,H,0,0,0
76934,H,0,0,0
76935,H,0,0,0
76937,H,0,0,0
76940,H,0,0,0
76941,H,0,0,0
76942,H,0,0,0
76944,H,0,0,0
76945,H,0,0,0
76950,H,0,0,0
76951,H,0,0,0
76953,H,0,0,0
76954,H,0,0,0
76955,H,0,0,0
76958,H,0,0,0
76960,H,0,0,0
76961,H,0,0,0
76963,H,0,0,0
76965,H,0,0,0
76966,H,0,0,0
76968,H,0,0,0
76969,H,0,0,0
76970,H,0,0,0
76972,H,0,0,0
76973,H,0,0,0
76974,H,0,0,0
76975,H,0,1,0
76977,H,0,0,0
76978,H,0,0,0
76979,H,0,0,0
76984,H,0,0,0
76985,H,0,0,0
76987,H,0,0,0
76988,H,0,0,0
76990,H,0,0,0
76991,H,0,0,0
76992,H,0,0,0
76994,H,0,1,0
76996,H,0,0,0
76997,H,0,0,0
76999,H,0,0,0
77000,H,0,0,0
77001,H,0,0,0
77003,H,0,1,0
77004,H,0,0,0
77006,H,0,0,0
77007,H,0,0,0
77008,H,0,1,0
77010,H,0,0,0
77011,H,0,0,0
77012,H,0,0,0
77013,H,0,0,0
77014,H,0,0,0
77015,H,0,0,0
77016,H,0,0,0
77017,H,0,0,0
77019,H,0,0,0
77020,H,0,0,0
77021,H,0,0,0
77022,H,0,0,0
77023,H,0,0,0
77024,H,0,0,0
77025,H,0,0,0
77028,H,0,0,0
77029,H,0,0,0
77030,H,0,0,0
77032,H,0,0,0
77033,H,0,0,0
77035,H,0,0,0
77040,H,0,0,0
77041,H,0,0,0
77043,H,0,0,0
77045,H,0,0,0
77046,H,0,0,0
77047,H,0,0,0
77049,H,0,0,0
77050,H,0,0,0
77051,H,0,0,0
77054,H,0,0,0
77055,H,0,0,0
77057,H,0,0,0
77060,H,0,1,0
77063,H,0,0,0
77066,H,0,1,0
77067,H,0,0,0
77070,H,0,0,0
77072,H,0,0,0
77073,H,0,0,0
77074,H,0,0,0
77075,H,0,0,0
77076,H,0,0,0
77077,H,0,0,0
77080,H,0,0,0
77081,H,0,0,0
77082,H,0,0,0
77083,H,0,0,0
77090,H,0,0,0
77091,H,0,1,0
77094,H,0,0,0
77095,H,0,0,0
77096,H,0,0,0
77097,H,0,0,0
77098,H,0,0,0
77100,H,0,0,0
77101,H,0,0,0
77103,H,0,0,0
77105,H,0,0,0
77108,H,0,0,0
77109,H,0,0,0
77111,H,0,0,0
77112,H,0,0,0
77113,H,0,0,0
77114,H,0,0,0
77116,H,0,0,0
77120,H,0,0,0
77121,H,0,0,0
77123,H,0,0,0
77126,H,0,0,0
77127,H,0,0,0
77128,H,0,0,0
77131,H,0,0,0
77132,H,0,0,0
77136,H,0,0,0
77139,H,0,0,0
77140,H,0,0,0
77141,H,0,0,0
77142,H,0,1,0
77144,H,0,0,0
77147,H,0,0,0
77150,H,0,0,0
77151,H,0,0,0
77153,H,0,0,0
77154,H,0,0,0
77155,H,0,0,0
77156,H,0,0,0
77157,H,0,0,0
77158,H,0,0,0
77159,H,0,0,0
77160,H,0,0,0
77161,H,0,0,0
77162,H,0,0,0
77163,H,0,0,0
77164,H,0,0,0
77167,H,0,0,0
77168,H,0,0,0
77170,H,0,0,0
77171,H,0,0,0
77172,H,0,1,0
77174,H,0,0,0
77176,H,0,0,0
77177,H,0,0,0
77178,H,0,0,0
77179,H,0,0,0
77185,H,0,0,0
77187,H,0,0,0
77189,H,0,0,0
77191,H,0,0,0
77192,H,0,0,0
77194,H,0,0,0
77195,H,0,0,0
77196,H,0,0,0
77197,H,0,1,0
77198,H,0,0,0
77199,H,0,0,0
77200,H,0,0,0
77205,H,0,0,0
77206,H,0,0,0
77208,H,0,0,0
77209,H,0,0,0
77211,H,0,0,0
77212,H,0,0,0
77213,H,0,0,0
77215,H,0,0,0
77217,H,0,0,0
77220,H,0,0,0
77221,H,0,0,0
77223,H,0,0,0
77224,H,0,0,0
77225,H,0,1,0
77228,H,0,0,0
77229,H,0,0,0
77230,H,0,0,0
77232,H,0,0,0
77234,H,0,0,0
77235,H,0,0,0
77236,H,0,0,0
77237,H,0,0,0
77238,H,0,1,0
77239,H,0,0,0
77240,H,0,0,0
77241,H,0,0,0
77244,H,0,0,0
77245,H,0,0,0
77246,H,0,0,0
77247,H,0,0,0
77248,H,0,0,0
77250,H,0,0,0
77251,H,0,0,0
77254,H,0,0,0
77255,H,0,0,0
77256,H,0,0,0
77257,H,0,0,0
77259,H,0,0,0
77260,H,0,0,0
77262,H,0,0,0
77263,H,0,1,0
77265,H,0,0,0
77269,H,0,0,0
77275,H,0,0,0
77277,H,0,0,0
77279,H,0,0,0
77280,H,0,0,0
77282,H,0,1,0
77283,H,0,0,0
77284,H,0,0,0
77285,H,0,0,0
77287,H,0,0,0
77289,H,0,0,0
77290,H,0,0,0
77291,H,0,0,0
77295,H,0,0,0
77298,H,0,0,0
77299,H,0,0,0
77300,H,0,1,0
77302,H,0,0,0
77303,H,0,0,0
77304,H,0,0,0
77305,H,0,0,0
77306,H,0,0,0
77308,H,0,0,0
77310,H,0,0,0
77311,H,0,0,0
77313,H,0,0,0
77314,H,0,0,0
77315,H,0,0,0
77317,H,0,0,0
77318,H,0,0,0
77319,H,0,0,0
77320,H,0,0,0
77322,H,0,0,0
77323,H,0,0,0
77328,H,0,0,0
77331,H,0,0,0
77332,H,0,0,0
77333,H,0,0,0
77336,H,0,0,0
77337,H,0,0,0
77339,H,0,0,0
77340,H,0,0,0
77341,H,0,0,0
77342,H,0,0,0
77346,H,0,0,0
77347,H,0,0,0
77348,H,0,0,0
77349,H,0,0,0
77351,H,0,0,0
77353,H,0,0,0
77354,H,0,0,0
77355,H,0,0,0
77360,H,0,0,0
77362,H,0,0,0
77364,H,0,0,0
77365,H,0,0,0
77367,H,0,0,0
77368,H,0,0,0
77369,H,0,0,0
77371,H,0,0,0
77373,H,0,0,0
77374,H,0,0,0
77376,H,0,0,0
77377,H,0,1,0
77380,H,0,0,0
77381,H,0,0,0
77383,H,0,0,0
77385,H,0,0,0
77386,H,0,0,0
77387,H,0,0,0
77388,H,0,0,0
77391,H,0,0,0
77392,H,0,0,0
77393,H,0,0,0
77394,H,0,0,0
77395,H,0,0,0
77396,H,0,0,0
77398,H,0,0,0
77399,H,0,0,0
77400,H,0,0,0
77405,H,0,0,0
77407,H,0,0,0
77408,H,0,0,0
77409,H,0,1,0
77411,H,0,0,0
77414,H,0,0,0
77415,H,0,0,0
77417,H,0,0,0
77419,H,0,0,0
77420,H,0,0,0
77422,H,0,0,0
77423,H,0,0,0
77424,H,0,0,0
77425,H,0,0,0
77428,H,0,0,0
77429,H,0,0,0
77431,H,0,0,0
77433,H,0,0,0
77436,H,0,0,0
77438,H,0,0,0
77440,H,0,0,0
77443,H,0,0,0
77444,H,0,0,0
77445,H,0,0,0
77446,H,0,0,0
77448,H,0,0,0
77450,H,0,1,0
77451,H,0,0,0
77452,H,0,0,0
77453,H,0,0,0
77455,H,0,0,0
77456,H,0,0,0
77458,H,0,1,0
77459,H,0,0,0
77460,H,0,0,0
77461,H,0,0,0
77463,H,0,0,0
77464,H,0,0,0
77465,H,0,0,0
77466,H,0,0,0
77468,H,0,0,0
77469,H,0,0,0
77470,H,0,0,0
77471,H,0,0,0
77473,H,0,0,0
77475,H,0,0,0
77477,H,0,0,0
77481,H,0,0,0
77483,H,0,0,0
77484,H,0,0,0
77485,H,0,0,0
77487,H,0,0,0
77488,H,0,1,0
77489,H,0,0,0
77491,H,0,0,0
77492,H,0,0,0
77494,H,0,0,0
77498,H,0,0,0
77499,H,0,0,0
77502,H,0,0,0
77503,H,0,0,0
77505,H,0,0,0
77507,H,0,0,0
77508,H,0,0,0
77509,H,0,0,0
77511,H,0,0,0
77513,H,0,0,0
77515,H,0,0,0
77520,H,0,1,0
77521,H,0,0,0
77522,H,0,0,0
77523,H,0,0,0
77524,H,0,0,0
77527,H,0,1,0
77528,H,0,0,0
77529,H,0,0,0
77533,H,0,0,0
77535,H,0,0,0
77536,H,0,0,0
77538,H,0,0,0
77539,H,0,0,0
77540,H,0,0,0
77541,H,0,0,0
77542,H,0,0,0
77543,H,0,0,0
77546,H,0,0,0
77547,H,0,0,0
77548,H,0,0,0
77549,H,0,0,0
77550,H,0,0,0
77551,H,0,0,0
77552,H,0,0,0
77556,H,0,0,0
77560,H,0,0,0
77562,H,0,0,0
77563,H,0,0,0
77569,H,0,0,0
77571,H,0,0,0
77572,H,0,0,0
77575,H,0,0,0
77577,H,0,0,0
77578,H,0,0,0
77580,H,0,0,0
77581,H,0,0,0
77584,H,0,0,0
77585,H,0,0,0
77586,H,0,0,0
77587,H,0,0,0
77589,H,0,0,0
77591,H,0,0,0
77592,H,0,0,0
77596,H,0,0,0
77597,H,0,0,0
77598,H,0,0,0
77600,H,0,0,0
77601,H,0,0,0
77603,H,0,0,0
77604,H,0,0,0
77605,H,0,0,0
77607,H,0,0,0
77609,H,0,0,0
77610,H,0,1,0
77611,H,0,0,0
77612,H,0,0,0
77613,H,0,0,0
77615,H,0,1,0
77616,H,0,0,0
77617,H,0,0,0
77618,H,0,0,0
77620,H,0,0,0
77621,H,0,0,0
77622,H,0,0,0
77623,H,0,0,0
77624,H,0,0,0
77625,H,0,0,0
77626,H,0,0,0
77630,H,0,0,0
77631,H,0,0,0
77632,H,0,0,0
77634,H,0,0,0
77638,H,0,0,0
77639,H,0,0,0
77640,H,0,0,0
77642,H,0,0,0
77643,H,0,0,0
77644,H,0,0,0
77645,H,0,0,0
77646,H,0,0,0
77647,H,0,0,0
77651,H,0,0,0
77653,H,0,0,0
77654,H,0,1,0
77655,H,0,0,0
77656,H,0,0,0
77659,H,0,0,0
77660,H,0,0,0
77661,H,0,0,0
77662,H,0,0,0
77663,H,0,0,0
77664,H,0,0,0
77666,H,0,0,0
77667,H,0,0,0
77668,H,0,0,0
77670,H,0,0,0
77671,H,0,0,0
77673,H,0,0,0
77674,H,0,0,0
77675,H,0,0,0
77677,H,0,0,0
77678,H,0,0,0
77679,H,0,0,0
77680,H,0,0,0
77682,H,0,0,0
77684,H,0,0,0
77686,H,0,1,0
77689,H,0,0,0
77690,H,0,1,0
77691,H,0,0,0
77693,H,0,0,0
77696,H,0,0,0
77698,H,0,0,0
77700,H,0,0,0
77702,H,0,0,0
77704,H,0,1,0
77705,H,0,0,0
77707,H,0,0,0
77708,H,0,0,0
77714,H,0,0,0
77716,H,0,0,0
77717,H,0,0,0
77718,H,0,0,0
77720,H,0,0,0
77721,H,0,0,0
77722,H,0,0,0
77723,H,0,0,0
77725,H,0,0,0
77727,H,0,0,0
77728,H,0,0,0
77729,H,0,0,0
77732,H,0,0,0
77733,H,0,0,0
77734,H,0,0,0
77736,H,0,0,0
77740,H,0,0,0
77741,H,0,0,0
77742,H,0,0,0
77743,H,0,0,0
77745,H,0,0,0
77746,H,0,0,0
77747,H,0,1,0
77748,H,0,0,0
77750,H,0,0,0
77754,H,0,0,0
77756,H,0,0,0
77757,H,0,0,0
77758,H,0,0,0
77760,H,0,0,0
77762,H,0,0,0
77763,H,0,0,0
77764,H,0,0,0
77768,H,0,0,0
77769,H,0,0,0
77771,H,0,0,0
77772,H,0,0,0
77773,H,0,0,0
77774,H,0,0,0
77777,H,0,0,0
77778,H,0,0,0
77779,H,0,0,0
77780,H,0,0,0
77781,H,0,0,0
77782,H,0,0,0
77786,H,0,1,0
77787,H,0,0,0
77788,H,0,0,0
77789,H,0,0,0
77791,H,0,0,0
77795,H,0,0,0
77796,H,0,0,0
77800,H,0,0,0
77801,H,0,0,0
77802,H,0,0,0
77803,H,0,0,0
77805,H,0,0,0
77806,H,0,0,0
77807,H,0,0,0
77808,H,0,0,0
77811,H,0,0,0
77813,H,0,0,0
77815,H,0,0,0
77816,H,0,0,0
77820,H,0,0,0
77821,H,0,0,0
77822,H,0,0,0
77823,H,0,0,0
77824,H,0,1,0
77827,H,0,0,0
77828,H,0,0,0
77829,H,0,0,0
77830,H,0,0,0
77831,H,0,1,0
77832,H,0,0,0
77835,H,0,0,0
77836,H,0,0,0
77837,H,0,0,0
77838,H,0,0,0
77840,H,0,1,0
77841,H,0,0,0
77843,H,0,0,0
77844,H,0,0,0
77845,H,0,0,0
77846,H,0,0,0
77847,H,0,0,0
77848,H,0,1,0
77850,H,0,0,0
77851,H,0,0,0
77852,H,0,0,0
77853,H,0,0,0
77855,H,0,0,0
77856,H,0,0,0
77858,H,0,0,0
77861,H,0,0,0
77862,H,0,0,0
77864,H,0,0,0
77865,H,0,0,0
77866,H,0,0,0
77867,H,0,0,0
77869,H,0,1,0
77870,H,0,0,0
77872,H,0,0,0
77874,H,0,0,0
77875,H,0,0,0
77876,H,0,0,0
77878,H,0,0,0
77880,H,0,0,0
77881,H,0,0,0
77884,H,0,1,0
77887,H,0,0,0
77888,H,0,0,0
77889,H,0,0,0
77891,H,0,0,0
77892,H,0,0,0
77893,H,0,0,0
77894,H,0,1,0
77896,H,0,0,0
77897,H,0,0,0
77898,H,0,0,0
77900,H,0,0,0
77902,H,0,1,0
77903,H,0,0,0
77905,H,0,0,0
77906,H,0,0,0
77907,H,0,0,0
77909,H,0,0,0
77910,H,0,0,0
77912,H,0,0,0
77915,H,0,0,0
77917,H,0,1,0
77920,H,0,0,0
77922,H,0,0,0
77927,H,0,0,0
77930,H,0,0,0
77931,H,0,1,0
77932,H,0,0,0
77933,H,0,0,0
77935,H,0,0,0
77936,H,0,1,0
77937,H,0,1,0
77938,H,0,0,0
77939,H,0,0,0
77941,H,0,0,0
77942,H,0,0,0
77943,H,0,0,0
77945,H,0,0,0
77948,H,0,0,0
77949,H,0,0,0
77950,H,0,0,0
77952,H,0,0,0
77953,H,0,1,0
77954,H,0,0,0
77957,H,0,0,0
77959,H,0,0,0
77960,H,0,0,0
77963,H,0,0,0
77965,H,0,0,0
77966,H,0,0,0
77968,H,0,0,0
77972,H,0,0,0
77973,H,0,0,0
77976,H,0,0,0
77977,H,0,0,0
77979,H,0,0,0
77983,H,0,0,0
77985,H,0,0,0
77989,H,0,0,0
77990,H,0,0,0
77991,H,0,0,0
77992,H,0,0,0
77993,H,0,0,0
77994,H,0,0,0
77995,H,0,0,0
77997,H,0,0,0
77999,H,0,0,0
78000,H,0,0,0
78001,H,0,0,0
78002,H,0,0,0
78004,H,0,0,0
78007,H,0,0,0
78008,H,0,0,0
78009,H,0,0,0
78010,H,0,0,0
78012,H,0,0,0
78013,H,0,0,0
78015,H,0,0,0
78018,H,0,0,0
78019,H,0,0,0
78020,H,0,0,0
78021,H,0,0,0
78024,H,0,0,0
78027,H,0,0,0
78028,H,0,0,0
78031,H,0,0,0
78033,H,0,0,0
78034,H,0,0,0
78035,H,0,0,0
78036,H,0,0,0
78037,H,0,0,0
78040,H,0,0,0
78042,H,0,0,0
78043,H,0,0,0
78044,H,0,0,0
78046,H,0,0,0
78047,H,0,0,0
78048,H,0,0,0
78051,H,0,0,0
78052,H,0,0,0
78056,H,0,0,0
78058,H,0,0,0
78061,H,0,0,0
78063,H,0,0,0
78068,H,0,1,0
78070,H,0,0,0
78072,H,0,0,0
78074,H,0,0,0
78075,H,0,0,0
78076,H,0,0,0
78078,H,0,0,0
78079,H,0,0,0
78080,H,0,0,0
78081,H,0,0,0
78082,H,0,0,0
78083,H,0,0,0
78084,H,0,0,0
78085,H,0,0,0
78086,H,0,0,0
78088,H,0,0,0
78089,H,0,0,0
78091,H,0,0,0
78093,H,0,0,0
78094,H,0,0,0
78095,H,0,0,0
78096,H,0,0,0
78098,H,0,1,0
78099,H,0,0,0
78100,H,0,0,0
78101,H,0,0,0
78103,H,0,1,0
78104,H,0,0,0
78105,H,0,0,0
78107,H,0,0,0
78108,H,0,0,0
78111,H,0,0,0
78114,H,0,0,0
78119,H,0,0,0
78121,H,0,0,0
78122,H,0,0,0
78124,H,0,0,0
78127,H,0,0,0
78128,H,0,0,0
78129,H,0,0,0
78130,H,0,0,0
78131,H,0,0,0
78132,H,0,0,0
78134,H,0,1,0
78138,H,0,0,0
78139,H,0,0,0
78140,H,0,0,0
78144,H,0,0,0
78145,H,0,0,0
78146,H,0,0,0
78148,H,0,0,0
78149,H,0,0,0
78151,H,0,0,0
78153,H,0,0,0
78156,H,0,0,0
78158,H,0,0,0
78161,H,0,0,0
78164,H,0,0,0
78165,H,0,0,0
78166,H,0,0,0
78167,H,0,0,0
78168,H,0,0,0
78170,H,0,0,0
78174,H,0,0,0
78175,H,0,1,0
78176,H,0,0,0
78179,H,0,0,0
78180,H,0,0,0
78183,H,0,0,0
78185,H,0,0,0
78186,H,0,0,0
78187,H,0,0,0
78188,H,0,0,0
78189,H,0,0,0
78191,H,0,0,0
78192,H,0,0,0
78193,H,0,0,0
78195,H,0,0,0
78196,H,0,0,0
78197,H,0,0,0
78198,H,0,0,0
78199,H,0,0,0
78200,H,0,0,0
78201,H,0,0,0
78203,H,0,0,0
78207,H,0,0,0
78208,H,0,0,0
78211,H,0,0,0
78213,H,0,0,0
78215,H,0,1,0
78216,H,0,0,0
78217,H,0,0,0
78218,H,0,0,0
78220,H,0,0,0
78221,H,0,0,0
78223,H,0,0,0
78225,H,0,0,0
78227,H,0,0,0
78229,H,0,0,0
78231,H,0,0,0
78233,H,0,0,0
78235,H,0,0,0
78236,H,0,0,0
78237,H,0,0,0
78238,H,0,1,0
78239,H,0,0,0
78242,H,0,0,0
78244,H,0,0,0
78245,H,0,0,0
78247,H,0,0,0
78251,H,0,0,0
78252,H,0,0,0
78253,H,0,0,0
78256,H,0,0,0
78262,H,0,0,0
78263,H,0,0,0
78267,H,0,0,0
78268,H,0,0,0
78269,H,0,0,0
78270,H,0,0,0
78272,H,0,1,0
78274,H,0,0,0
78275,H,0,0,0
78277,H,0,0,0
78280,H,0,0,0
78282,H,0,0,0
78287,H,0,0,0
78288,H,0,0,0
78289,H,0,0,0
78291,H,0,0,0
78292,H,0,0,0
78294,H,0,0,0
78296,H,0,0,0
78297,H,0,0,0
78299,H,0,0,0
78301,H,0,0,0
78304,H,0,0,0
78305,H,0,0,0
78306,H,0,0,0
78307,H,0,0,0
78309,H,0,0,0
78312,H,0,0,0
78313,H,0,0,0
78317,H,0,0,0
78318,H,0,1,0
78319,H,0,0,0
78320,H,0,0,0
78321,H,0,0,0
78322,H,0,0,0
78323,H,0,0,0
78327,H,0,0,0
78328,H,0,0,0
78329,H,0,0,0
78330,H,0,0,0
78334,H,0,0,0
78335,H,0,0,0
78336,H,0,0,0
78337,H,0,0,0
78338,H,0,0,0
78341,H,0,1,0
78342,H,0,0,0
78345,H,0,0,0
78346,H,0,0,0
78349,H,0,0,0
78350,H,0,0,0
78351,H,0,0,0
78352,H,0,0,0
78354,H,0,0,0
78355,H,0,0,0
78356,H,0,0,0
78359,H,0,0,0
78360,H,0,0,0
78362,H,0,0,0
78364,H,0,0,0
78367,H,0,0,0
78368,H,0,0,0
78369,H,0,0,0
78370,H,0,1,0
78371,H,0,0,0
78372,H,0,1,0
78374,H,0,0,0
78375,H,0,0,0
78376,H,0,0,0
78377,H,0,0,0
78378,H,0,1,0
78379,H,0,0,0
78381,H,0,0,0
78382,H,0,0,0
78386,H,0,0,0
78388,H,0,0,0
78391,H,0,0,0
78392,H,0,0,0
78393,H,0,0,0
78394,H,0,0,0
78395,H,0,0,0
78400,H,0,0,0
78402,H,0,0,0
78403,H,0,0,0
78404,H,0,0,0
78410,H,0,1,0
78411,H,0,0,0
78414,H,0,0,0
78417,H,0,0,0
78418,H,0,0,0
78419,H,0,0,0
78420,H,0,0,0
78422,H,0,1,0
78423,H,0,0,0
78424,H,0,0,0
78427,H,0,0,0
78428,H,0,0,0
78430,H,0,0,0
78431,H,0,0,0
78433,H,0,1,0
78434,H,0,0,0
78435,H,0,0,0
78438,H,0,0,0
78439,H,0,0,0
78440,H,0,0,0
78441,H,0,0,0
78442,H,0,0,0
78443,H,0,0,0
78444,H,0,0,0
78445,H,0,0,0
78446,H,0,0,0
78447,H,0,0,0
78450,H,0,0,0
78457,H,0,0,0
78459,H,0,0,0
78460,H,0,0,0
78462,H,0,0,0
78463,H,0,1,0
78464,H,0,0,0
78465,H,0,0,0
78467,H,0,0,0
78468,H,0,0,0
78473,H,0,0,0
78474,H,0,0,0
78475,H,0,0,0
78478,H,0,0,0
78479,H,0,0,0
78480,H,0,0,0
78481,H,0,0,0
78484,H,0,0,0
78486,H,0,0,0
78487,H,0,0,0
78489,H,0,0,0
78490,H,0,0,0
78495,H,0,0,0
78496,H,0,0,0
78497,H,0,0,0
78498,H,0,0,0
78499,H,0,0,0
78500,H,0,0,0
78501,H,0,0,0
78503,H,0,0,0
78504,H,0,0,0
78506,H,0,0,0
78508,H,0,0,0
78510,H,0,0,0
78512,H,0,0,0
78514,H,0,0,0
78515,H,0,0,0
78518,H,0,0,0
78521,H,0,0,0
78522,H,0,0,0
78523,H,0,0,0
78526,H,0,0,0
78527,H,0,0,0
78528,H,0,0,0
78529,H,0,0,0
78531,H,0,0,0
78532,H,0,0,0
78533,H,0,0,0
78534,H,0,1,0
78535,H,0,0,0
78536,H,0,0,0
78538,H,0,0,0
78542,H,0,0,0
78548,H,0,1,0
78549,H,0,0,0
78551,H,0,0,0
78552,H,0,0,0
78556,H,0,0,0
78557,H,0,0,0
78560,H,0,0,0
78561,H,0,0,0
78562,H,0,0,0
78566,H,0,0,0
78568,H,0,0,0
78569,H,0,0,0
78572,H,0,0,0
78575,H,0,0,0
78577,H,0,1,0
78579,H,0,0,0
78580,H,0,0,0
78581,H,0,0,0
78583,H,0,0,0
78586,H,0,0,0
78587,H,0,0,0
78588,H,0,1,0
78589,H,0,0,0
78590,H,0,1,0
78591,H,0,0,0
78595,H,0,0,0
78597,H,0,1,0
78598,H,0,0,0
78599,H,0,0,0
78601,H,0,0,0
78603,H,0,0,0
78606,H,0,1,0
78608,H,0,0,0
78611,H,0,0,0
78612,H,0,0,0
78613,H,0,0,0
78615,H,0,0,0
78616,H,0,0,0
78619,H,0,0,0
78620,H,0,0,0
78621,H,0,0,0
78626,H,0,0,0
78627,H,0,0,0
78630,H,0,0,0
78631,H,0,0,0
78633,H,0,0,0
78634,H,0,0,0
78636,H,0,0,0
78638,H,0,0,0
78640,H,0,0,0
78642,H,0,0,0
78645,H,0,0,0
78649,H,0,0,0
78650,H,0,0,0
78651,H,0,0,0
78652,H,0,1,0
78654,H,0,0,0
78655,H,0,0,0
78656,H,0,0,0
78658,H,0,0,0
78659,H,0,0,0
78660,H,0,0,0
78661,H,0,0,0
78662,H,0,0,0
78664,H,0,0,0
78665,H,0,0,0
78666,H,0,0,0
78667,H,0,0,0
78669,H,0,0,0
78671,H,0,0,0
78672,H,0,0,0
78673,H,0,0,0
78674,H,0,0,0
78675,H,0,0,0
78676,H,0,0,0
78678,H,0,0,0
78679,H,0,0,0
78682,H,0,0,0
78683,H,0,0,0
78685,H,0,0,0
78688,H,0,0,0
78689,H,0,0,0
78691,H,0,0,0
78692,H,0,0,0
78694,H,0,0,0
78695,H,0,0,0
78698,H,0,0,0
78700,H,0,0,0
78702,H,0,0,0
78703,H,0,0,0
78704,H,0,0,0
78705,H,0,0,0
78706,H,0,0,0
78707,H,0,0,0
78708,H,0,0,0
78710,H,0,0,0
78712,H,0,0,0
78714,H,0,0,0
78716,H,0,0,0
78718,H,0,0,0
78719,H,0,0,0
78720,H,0,0,0
78723,H,0,0,0
78724,H,0,0,0
78725,H,0,0,0
78727,H,0,0,0
78728,H,0,0,0
78729,H,0,0,0
78731,H,0,1,0
78733,H,0,0,0
78735,H,0,0,0
78736,H,0,0,0
78737,H,0,0,0
78739,H,0,0,0
78741,H,0,0,0
78742,H,0,0,0
78744,H,0,0,0
78746,H,0,0,0
78747,H,0,0,0
78748,H,0,0,0
78750,H,0,0,0
78752,H,0,0,0
78754,H,0,0,0
78755,H,0,0,0
78757,H,0,0,0
78759,H,0,0,0
78760,H,0,0,0
78762,H,0,0,0
78764,H,0,0,0
78765,H,0,1,0
78766,H,0,0,0
78767,H,0,0,0
78768,H,0,0,0
78769,H,0,0,0
78770,H,0,0,0
78771,H,0,1,0
78772,H,0,0,0
78776,H,0,0,0
78777,H,0,0,0
78778,H,0,0,0
78780,H,0,0,0
78781,H,0,0,0
78782,H,0,1,0
78783,H,0,0,0
78789,H,0,0,0
78790,H,0,0,0
78791,H,0,0,0
78794,H,0,0,0
78796,H,0,0,0
78797,H,0,0,0
78798,H,0,0,0
78799,H,0,0,0
78801,H,0,0,0
78804,H,0,0,0
78806,H,0,0,0
78809,H,0,0,0
78810,H,0,1,0
78812,H,0,0,0
78814,H,0,0,0
78818,H,0,0,0
78819,H,0,0,0
78820,H,0,0,0
78821,H,0,0,0
78822,H,0,0,0
78823,H,0,0,0
78825,H,0,0,0
78827,H,0,0,0
78828,H,0,0,0
78829,H,0,0,0
78832,H,0,0,0
78833,H,0,0,0
78834,H,0,0,0
78836,H,0,0,0
78838,H,0,0,0
78840,H,0,0,0
78844,H,0,0,0
78847,H,0,0,0
78852,H,0,1,0
78853,H,0,0,0
78854,H,0,0,0
78858,H,0,0,0
78862,H,0,0,0
78863,H,0,0,0
78865,H,0,0,0
78870,H,0,0,0
78872,H,0,0,0
78874,H,0,0,0
78875,H,0,0,0
78876,H,0,0,0
78880,H,0,0,0
78881,H,0,0,0
78882,H,0,0,0
78883,H,0,0,0
78884,H,0,0,0
78885,H,0,0,0
78890,H,0,0,0
78892,H,0,1,0
78895,H,0,1,0
78896,H,0,0,0
78897,H,0,0,0
78898,H,0,1,0
78899,H,0,0,0
78900,H,0,0,0
78901,H,0,0,0
78902,H,0,0,0
78903,H,0,0,0
78904,H,0,0,0
78905,H,0,0,0
78907,H,0,0,0
78909,H,0,0,0
78910,H,0,0,0
78911,H,0,0,0
78912,H,0,0,0
78916,H,0,0,0
78917,H,0,0,0
78918,H,0,0,0
78919,H,0,0,0
78920,H,0,0,0
78921,H,0,0,0
78922,H,0,0,0
78924,H,0,0,0
78925,H,0,0,0
78926,H,0,0,0
78928,H,0,0,0
78929,H,0,0,0
78930,H,0,0,0
78931,H,0,0,0
78934,H,0,0,0
78937,H,0,0,0
78938,H,0,1,0
78940,H,0,0,0
78942,H,0,0,0
78944,H,0,0,0
78946,H,0,0,0
78947,H,0,0,0
78949,H,0,0,0
78950,H,0,0,0
78951,H,0,0,0
78952,H,0,0,0
78953,H,0,0,0
78954,H,0,0,0
78957,H,0,1,0
78959,H,0,0,0
78962,H,0,0,0
78963,H,0,0,0
78964,H,0,0,0
78966,H,0,0,0
78967,H,0,0,0
78968,H,0,0,0
78969,H,0,0,0
78970,H,0,0,0
78973,H,0,0,0
78974,H,0,0,0
78975,H,0,0,0
78976,H,0,0,0
78977,H,0,0,0
78978,H,0,0,0
78979,H,0,0,0
78980,H,0,0,0
78981,H,0,0,0
78983,H,0,0,0
78986,H,0,0,0
78987,H,0,0,0
78989,H,0,0,0
78990,H,0,0,0
78991,H,0,0,0
78992,H,0,0,0
78994,H,0,0,0
78997,H,0,0,0
78999,H,0,0,0
79000,H,0,0,0
79001,H,0,0,0
79002,H,0,0,0
79005,H,0,0,0
79006,H,0,0,0
79007,H,0,0,0
79011,H,0,0,0
79012,H,0,0,0
79013,H,0,0,0
79014,H,0,0,0
79015,H,0,0,0
79016,H,0,0,0
79017,H,0,0,0
79018,H,0,0,0
79019,H,0,0,0
79022,H,0,0,0
79023,H,0,0,0
79024,H,0,0,0
79025,H,0,0,0
79026,H,0,0,0
79027,H,0,0,0
79029,H,0,1,0
79031,H,0,0,0
79032,H,0,1,0
79033,H,0,0,0
79034,H,0,1,0
79037,H,0,1,0
79039,H,0,0,0
79040,H,0,1,0
79041,H,0,0,0
79042,H,0,0,0
79044,H,0,0,0
79048,H,0,0,0
79049,H,0,0,0
79050,H,0,0,0
79057,H,0,0,0
79059,H,0,0,0
79060,H,0,0,0
79061,H,0,0,0
79063,H,0,0,0
79064,H,0,0,0
79067,H,0,0,0
79068,H,0,0,0
79069,H,0,0,0
79071,H,0,0,0
79072,H,0,0,0
79075,H,0,0,0
79076,H,0,0,0
79077,H,0,0,0
79078,H,0,0,0
79080,H,0,0,0
79081,H,0,0,0
79084,H,0,1,0
79086,H,0,0,0
79088,H,0,0,0
79089,H,0,0,0
79091,H,0,1,0
79092,H,0,0,0
79095,H,0,0,0
79096,H,0,0,0
79098,H,0,0,0
79099,H,0,0,0
79100,H,0,0,0
79101,H,0,0,0
79103,H,0,0,0
79106,H,0,0,0
79110,H,0,0,0
79112,H,0,0,0
79113,H,0,0,0
79114,H,0,0,0
79116,H,0,1,0
79119,H,0,0,0
79121,H,0,0,0
79125,H,0,1,0
79127,H,0,0,0
79128,H,0,0,0
79130,H,0,0,0
79132,H,0,0,0
79134,H,0,0,0
79135,H,0,0,0
79136,H,0,0,0
79137,H,0,0,0
79138,H,0,0,0
79140,H,0,0,0
79142,H,0,0,0
79144,H,0,0,0
79146,H,0,0,0
79147,H,0,0,0
79148,H,0,0,0
79151,H,0,0,0
79152,H,0,0,0
79153,H,0,0,0
79154,H,0,0,0
79155,H,0,0,0
79159,H,0,0,0
79161,H,0,0,0
79162,H,0,0,0
79163,H,0,0,0
79164,H,0,0,0
79165,H,0,0,0
79166,H,0,0,0
79169,H,0,0,0
79171,H,0,0,0
79173,H,0,0,0
79175,H,0,0,0
79176,H,0,0,0
79177,H,0,0,0
79178,H,0,0,0
79179,H,0,1,0
79180,H,0,0,0
79181,H,0,0,0
79184,H,0,0,0
79185,H,0,0,0
79186,H,0,0,0
79187,H,0,0,0
79188,H,0,1,0
79189,H,0,0,0
79190,H,0,0,0
79191,H,0,0,0
79193,H,0,0,0
79195,H,0,0,0
79196,H,0,0,0
79198,H,0,0,0
79199,H,0,0,0
79200,H,0,0,0
79201,H,0,0,0
79202,H,0,0,0
79204,H,0,0,0
79205,H,0,0,0
79206,H,0,0,0
79207,H,0,0,0
79208,H,0,0,0
79210,H,0,0,0
79211,H,0,0,0
79213,H,0,0,0
79214,H,0,1,0
79215,H,0,0,0
79216,H,0,0,0
79217,H,0,0,0
79219,H,0,0,0
79220,H,0,0,0
79221,H,0,1,0
79223,H,0,0,0
79224,H,0,0,0
79225,H,0,0,0
79226,H,0,0,0
79228,H,0,0,0
79231,H,0,0,0
79232,H,0,1,0
79234,H,0,0,0
79240,H,0,0,0
79241,H,0,0,0
79245,H,0,1,0
79246,H,0,0,0
79247,H,0,0,0
79253,H,0,0,0
79254,H,0,1,0
79256,H,0,0,0
79257,H,0,1,0
79258,H,0,0,0
79259,H,0,0,0
79263,H,0,0,0
79266,H,0,0,0
79267,H,0,0,0
79268,H,0,0,0
79269,H,0,0,0
79270,H,0,0,0
79271,H,0,0,0
79272,H,0,0,0
79273,H,0,0,0
79274,H,0,0,0
79275,H,0,0,0
79276,H,0,0,0
79279,H,0,0,0
79281,H,0,0,0
79282,H,0,0,0
79283,H,0,0,0
79284,H,0,0,0
79286,H,0,0,0
79287,H,0,0,0
79288,H,0,0,0
79290,H,0,0,0
79291,H,0,0,0
79292,H,0,0,0
79293,H,0,0,0
79294,H,0,1,0
79295,H,0,0,0
79296,H,0,1,0
79297,H,0,1,0
79298,H,0,0,0
79300,H,0,0,0
79302,H,0,1,0
79304,H,0,0,0
79305,H,0,1,0
79306,H,0,0,0
79309,H,0,0,0
79310,H,0,0,0
79311,H,0,0,0
79314,H,0,0,0
79315,H,0,0,0
79318,H,0,0,0
79319,H,0,0,0
79320,H,0,0,0
79322,H,0,0,0
79323,H,0,0,0
79324,H,0,0,0
79325,H,0,0,0
79328,H,0,0,0
79329,H,0,0,0
79330,H,0,0,0
79331,H,0,0,0
79333,H,0,0,0
79334,H,0,0,0
79335,H,0,0,0
79337,H,0,0,0
79338,H,0,0,0
79339,H,0,0,0
79340,H,0,0,0
79341,H,0,0,0
79342,H,0,0,0
79346,H,0,0,0
79351,H,0,0,0
79352,H,0,0,0
79354,H,0,0,0
79358,H,0,0,0
79359,H,0,0,0
79360,H,0,1,0
79362,H,0,0,0
79364,H,0,0,0
79365,H,0,0,0
79366,H,0,0,0
79369,H,0,0,0
79371,H,0,0,0
79373,H,0,0,0
79374,H,0,0,0
79375,H,0,0,0
79376,H,0,0,0
79377,H,0,1,0
79378,H,0,0,0
79379,H,0,0,0
79380,H,0,0,0
79385,H,0,1,0
79386,H,0,0,0
79387,H,0,0,0
79388,H,0,0,0
79389,H,0,0,0
79390,H,0,0,0
79391,H,0,0,0
79395,H,0,0,0
79396,H,0,0,0
79398,H,0,0,0
79399,H,0,0,0
79400,H,0,0,0
79404,H,0,1,0
79405,H,0,0,0
79406,H,0,0,0
79407,H,0,0,0
79408,H,0,0,0
79409,H,0,0,0
79411,H,0,0,0
79415,H,0,0,0
79416,H,0,0,0
79417,H,0,0,0
79419,H,0,0,0
79421,H,0,0,0
79422,H,0,0,0
79423,H,0,0,0
79425,H,0,0,0
79426,H,0,1,0
79429,H,0,0,0
79430,H,0,0,0
79431,H,0,0,0
79432,H,0,0,0
79433,H,0,1,0
79434,H,0,0,0
79436,H,0,0,0
79437,H,0,0,0
79438,H,0,0,0
79440,H,0,0,0
79441,H,0,0,0
79442,H,0,0,0
79443,H,0,1,0
79444,H,0,0,0
79445,H,0,0,0
79446,H,0,0,0
79449,H,0,0,0
79451,H,0,0,0
79452,H,0,0,0
79453,H,0,0,0
79454,H,0,1,0
79455,H,0,1,0
79456,H,0,0,0
79457,H,0,0,0
79459,H,0,0,0
79460,H,0,1,0
79461,H,0,1,0
79462,H,0,0,0
79463,H,0,0,0
79464,H,0,0,0
79465,H,0,1,0
79466,H,0,0,0
79467,H,0,0,0
79468,H,0,0,0
79469,H,0,0,0
79471,H,0,0,0
79473,H,0,0,0
79474,H,0,0,0
79476,H,0,0,0
79477,H,0,0,0
79479,H,0,0,0
79480,H,0,0,0
79481,H,0,1,0
79482,H,0,0,0
79484,H,0,0,0
79486,H,0,0,0
79487,H,0,0,0
79488,H,0,0,0
79490,H,0,0,0
79491,H,0,0,0
79494,H,0,0,0
79496,H,0,1,0
79499,H,0,0,0
79501,H,0,0,0
79502,H,0,0,0
79503,H,0,0,0
79505,H,0,0,0
79507,H,0,1,0
79512,H,0,0,0
79515,H,0,0,0
79517,H,0,0,0
79519,H,0,0,0
79521,H,0,0,0
79522,H,0,0,0
79523,H,0,0,0
79525,H,0,0,0
79526,H,0,0,0
79533,H,0,0,0
79536,H,0,0,0
79537,H,0,0,0
79539,H,0,0,0
79541,H,0,0,0
79544,H,0,0,0
79545,H,0,0,0
79546,H,0,1,0
79547,H,0,0,0
79548,H,0,0,0
79549,H,0,0,0
79550,H,0,0,0
79553,H,0,0,0
79554,H,0,0,0
79557,H,0,0,0
79560,H,0,0,0
79563,H,0,0,0
79564,H,0,0,0
79565,H,0,0,0
79566,H,0,0,0
79567,H,0,0,0
79568,H,0,0,0
79569,H,0,0,0
79570,H,0,0,0
79571,H,0,0,0
79573,H,0,0,0
79574,H,0,0,0
79575,H,0,0,0
79576,H,0,0,0
79577,H,0,0,0
79579,H,0,0,0
79581,H,0,0,0
79585,H,0,0,0
79586,H,0,0,0
79588,H,0,0,0
79589,H,0,0,0
79590,H,0,0,0
79591,H,0,0,0
79593,H,0,1,0
79594,H,0,0,0
79596,H,0,0,0
79597,H,0,0,0
79599,H,0,0,0
79602,H,0,0,0
79603,H,0,0,0
79605,H,0,1,0
79606,H,0,0,0
79607,H,0,0,0
79608,H,0,0,0
79610,H,0,0,0
79611,H,0,0,0
79612,H,0,0,0
79613,H,0,0,0
79618,H,0,0,0
79620,H,0,0,0
79621,H,0,0,0
79623,H,0,0,0
79627,H,0,0,0
79629,H,0,0,0
79630,H,0,0,0
79632,H,0,0,0
79633,H,0,0,0
79634,H,0,1,0
79637,H,0,0,0
79638,H,0,0,0
79639,H,0,0,0
79640,H,0,0,0
79641,H,0,0,0
79644,H,0,0,0
79645,H,0,0,0
79646,H,0,0,0
79648,H,0,0,0
79649,H,0,0,0
79650,H,0,0,0
79651,H,0,1,0
79656,H,0,0,0
79658,H,0,0,0
79660,H,0,0,0
79661,H,0,0,0
79662,H,0,0,0
79663,H,0,0,0
79664,H,0,0,0
79665,H,0,0,0
79667,H,0,0,0
79668,H,0,0,0
79669,H,0,0,0
79671,H,0,0,0
79672,H,0,0,0
79673,H,0,0,0
79674,H,0,0,0
79675,H,0,0,0
79677,H,0,0,0
79678,H,0,0,0
79682,H,0,0,0
79683,H,0,0,0
79685,H,0,0,0
79686,H,0,0,0
79688,H,0,0,0
79690,H,0,1,0
79691,H,0,0,0
79693,H,0,0,0
79696,H,0,0,0
79697,H,0,0,0
79701,H,0,0,0
79705,H,0,0,0
79707,H,0,0,0
79709,H,0,0,0
79712,H,0,0,0
79714,H,0,0,0
79715,H,0,0,0
79717,H,0,0,0
79719,H,0,0,0
79720,H,0,0,0
79721,H,0,0,0
79725,H,0,0,0
79729,H,0,0,0
79733,H,0,0,0
79734,H,0,0,0
79737,H,0,0,0
79739,H,0,0,0
79740,H,0,0,0
79741,H,0,0,0
79744,H,0,0,0
79750,H,0,1,0
79751,H,0,0,0
79752,H,0,0,0
79756,H,0,0,0
79757,H,0,0,0
79758,H,0,0,0
79760,H,0,0,0
79761,H,0,1,0
79762,H,0,0,0
79763,H,0,0,0
79764,H,0,1,0
79768,H,0,0,0
79773,H,0,0,0
79774,H,0,0,0
79776,H,0,0,0
79777,H,0,1,0
79778,H,0,0,0
79779,H,0,0,0
79782,H,0,0,0
79784,H,0,0,0
79788,H,0,0,0
79789,H,0,0,0
79793,H,0,0,0
79794,H,0,0,0
79795,H,0,0,0
79798,H,0,0,0
79799,H,0,0,0
79800,H,0,0,0
79801,H,0,0,0
79802,H,0,0,0
79804,H,0,0,0
79805,H,0,0,0
79806,H,0,0,0
79808,H,0,0,0
79809,H,0,0,0
79810,H,0,0,0
79812,H,0,0,0
79813,H,0,0,0
79814,H,0,0,0
79815,H,0,0,0
79816,H,0,0,0
79819,H,0,0,0
79820,H,0,0,0
79821,H,0,0,0
79823,H,0,0,0
79824,H,0,0,0
79825,H,0,0,0
79829,H,0,0,0
79831,H,0,0,0
79832,H,0,0,0
79833,H,0,0,0
79834,H,0,0,0
79835,H,0,0,0
79836,H,0,0,0
79837,H,0,0,0
79838,H,0,0,0
79840,H,0,0,0
79841,H,0,0,0
79843,H,0,0,0
79844,H,0,1,0
79845,H,0,0,0
79846,H,0,0,0
79847,H,0,0,0
79848,H,0,0,0
79849,H,0,0,0
79853,H,0,0,0
79854,H,0,0,0
79857,H,0,0,0
79859,H,0,0,0
79863,H,0,0,0
79864,H,0,0,0
79868,H,0,0,0
79870,H,0,0,0
79871,H,0,1,0
79872,H,0,0,0
79873,H,0,0,0
79877,H,0,0,0
79878,H,0,0,0
79880,H,0,0,0
79881,H,0,0,0
79883,H,0,0,0
79884,H,0,0,0
79885,H,0,0,0
79886,H,0,0,0
79887,H,0,0,0
79888,H,0,0,0
79889,H,0,0,0
79890,H,0,0,0
79891,H,0,0,0
79894,H,0,0,0
79895,H,0,0,0
79896,H,0,0,0
79897,H,0,1,0
79898,H,0,0,0
79899,H,0,0,0
79900,H,0,1,0
79901,H,0,0,0
79902,H,0,0,0
79904,H,0,0,0
79906,H,0,0,0
79908,H,0,0,0
79912,H,0,0,0
79913,H,0,0,0
79915,H,0,0,0
79916,H,0,0,0
79917,H,0,0,0
79918,H,0,0,0
79919,H,0,0,0
79920,H,0,0,0
79921,H,0,0,0
79923,H,0,0,0
79924,H,0,0,0
79925,H,0,0,0
79926,H,0,0,0
79927,H,0,0,0
79928,H,0,0,0
79929,H,0,0,0
79932,H,0,0,0
79933,H,0,0,0
79934,H,0,0,0
79936,H,0,0,0
79937,H,0,0,0
79938,H,0,0,0
79939,H,0,0,0
79940,H,0,0,0
79942,H,0,0,0
79944,H,0,0,0
79946,H,0,0,0
79949,H,0,0,0
79950,H,0,0,0
79951,H,0,0,0
79952,H,0,0,0
79953,H,0,0,0
79954,H,0,0,0
79955,H,0,0,0
79956,H,0,0,0
79957,H,0,0,0
79958,H,0,0,0
79959,H,0,0,0
79960,H,0,0,0
79962,H,0,0,0
79963,H,0,0,0
79965,H,0,0,0
79967,H,0,0,0
79969,H,0,0,0
79970,H,0,0,0
79972,H,0,0,0
79974,H,0,0,0
79977,H,0,0,0
79978,H,0,0,0
79979,H,0,0,0
79980,H,0,0,0
79982,H,0,0,0
79985,H,0,0,0
79987,H,0,0,0
79988,H,0,0,0
79989,H,0,0,0
79992,H,0,0,0
79994,H,0,0,0
79996,H,0,0,0
79998,H,0,0,0
79999,H,0,0,0
80000,H,0,0,0
80002,H,0,0,0
80005,H,0,0,0
80006,H,0,0,0
80008,H,0,1,0
80009,H,0,0,0
80010,H,0,0,0
80013,H,0,0,0
80014,H,0,0,0
80015,H,0,0,0
80016,H,0,0,0
80017,H,0,0,0
80019,H,0,0,0
80020,H,0,0,0
80022,H,0,0,0
80023,H,0,0,0
80024,H,0,0,0
80025,H,0,0,0
80026,H,0,0,0
80027,H,0,0,0
80028,H,0,0,0
80030,H,0,0,0
80031,H,0,0,0
80033,H,0,0,0
80034,H,0,0,0
80037,H,0,0,0
80038,H,0,1,0
80040,H,0,0,0
80041,H,0,0,0
80043,H,0,0,0
80044,H,0,0,0
80047,H,0,0,0
80048,H,0,0,0
80049,H,0,0,0
80051,H,0,0,0
80052,H,0,1,0
80055,H,0,0,0
80056,H,0,0,0
80057,H,0,0,0
80058,H,0,0,0
80059,H,0,0,0
80060,H,0,0,0
80061,H,0,0,0
80062,H,0,0,0
80063,H,0,0,0
80064,H,0,0,0
80066,H,0,0,0
80067,H,0,0,0
80071,H,0,0,0
80072,H,0,0,0
80073,H,0,0,0
80075,H,0,0,0
80078,H,0,0,0
80079,H,0,1,0
80080,H,0,0,0
80082,H,0,0,0
80083,H,0,0,0
80084,H,0,0,0
80087,H,0,0,0
80088,H,0,1,0
80089,H,0,0,0
80091,H,0,0,0
80092,H,0,0,0
80094,H,0,0,0
80095,H,0,0,0
80096,H,0,1,0
80097,H,0,0,0
80099,H,0,0,0
80100,H,0,0,0
80101,H,0,0,0
80102,H,0,0,0
80103,H,0,0,0
80105,H,0,0,0
80106,H,0,0,0
80107,H,0,0,0
80109,H,0,0,0
80110,H,0,0,0
80111,H,0,1,0
80112,H,0,1,0
80114,H,0,0,0
80115,H,0,0,0
80116,H,0,0,0
80119,H,0,0,0
80120,H,0,0,0
80121,H,0,1,0
80122,H,0,0,0
80123,H,0,0,0
80124,H,0,0,0
80125,H,0,0,0
80126,H,0,0,0
80127,H,0,0,0
80128,H,0,0,0
80129,H,0,0,0
80131,H,0,0,0
80132,H,0,1,0
80133,H,0,0,0
80134,H,0,0,0
80135,H,0,1,0
80136,H,0,0,0
80137,H,0,0,0
80138,H,0,0,0
80139,H,0,0,0
80140,H,0,0,0
80143,H,0,0,0
80144,H,0,0,0
80145,H,0,0,0
80146,H,0,0,0
80148,H,0,0,0
80149,H,0,1,0
80152,H,0,0,0
80153,H,0,0,0
80154,H,0,0,0
80155,H,0,1,0
80156,H,0,0,0
80157,H,0,0,0
80158,H,0,0,0
80163,H,0,0,0
80164,H,0,1,0
80165,H,0,0,0
80168,H,0,0,0
80169,H,0,0,0
80170,H,0,0,0
80174,H,0,0,0
80175,H,0,0,0
80178,H,0,0,0
80179,H,0,0,0
80181,H,0,0,0
80183,H,0,0,0
80185,H,0,0,0
80187,H,0,0,0
80188,H,0,0,0
80189,H,0,0,0
80190,H,0,0,0
80193,H,0,0,0
80194,H,0,0,0
80197,H,0,0,0
80199,H,0,0,0
80200,H,0,0,0
80201,H,0,0,0
80202,H,0,0,0
80203,H,0,1,0
80204,H,0,0,0
80205,H,0,0,0
80206,H,0,0,0
80207,H,0,0,0
80210,H,0,0,0
80212,H,0,0,0
80214,H,0,1,0
80215,H,0,0,0
80217,H,0,0,0
80218,H,0,1,0
80220,H,0,0,0
80221,H,0,0,0
80222,H,0,0,0
80225,H,0,0,0
80226,H,0,0,0
80227,H,0,0,0
80230,H,0,0,0
80231,H,0,0,0
80233,H,0,0,0
80234,H,0,0,0
80235,H,0,0,0
80236,H,0,0,0
80237,H,0,0,0
80238,H,0,0,0
80240,H,0,0,0
80241,H,0,0,0
80242,H,0,1,0
80244,H,0,0,0
80245,H,0,0,0
80247,H,0,0,0
80248,H,0,0,0
80249,H,0,0,0
80250,H,0,0,0
80251,H,0,0,0
80252,H,0,0,0
80254,H,0,0,0
80257,H,0,0,0
80258,H,0,0,0
80259,H,0,0,0
80260,H,0,0,0
80261,H,0,0,0
80262,H,0,0,0
80263,H,0,0,0
80264,H,0,1,0
80265,H,0,0,0
80266,H,0,0,0
80267,H,0,0,0
80268,H,0,0,0
80269,H,0,0,0
80270,H,0,0,0
80272,H,0,0,0
80273,H,0,0,0
80274,H,0,0,0
80275,H,0,0,0
80277,H,0,0,0
80278,H,0,1,0
80279,H,0,0,0
80280,H,0,0,0
80281,H,0,0,0
80285,H,0,0,0
80286,H,0,0,0
80287,H,0,0,0
80288,H,0,0,0
80289,H,0,1,0
80291,H,0,0,0
80292,H,0,1,0
80294,H,0,0,0
80295,H,0,0,0
80296,H,0,0,0
80300,H,0,0,0
80301,H,0,0,0
80302,H,0,0,0
80303,H,0,0,0
80304,H,0,0,0
80305,H,0,1,0
80307,H,0,0,0
80308,H,0,0,0
80309,H,0,1,0
80310,H,0,1,0
80312,H,0,0,0
80315,H,0,1,0
80321,H,0,0,0
80322,H,0,0,0
80323,H,0,0,0
80324,H,0,0,0
80325,H,0,0,0
80326,H,0,0,0
80327,H,0,0,0
80328,H,0,0,0
80329,H,0,0,0
80330,H,0,0,0
80331,H,0,0,0
80332,H,0,0,0
80333,H,0,1,0
80335,H,0,0,0
80336,H,0,0,0
80338,H,0,0,0
80339,H,0,0,0
80340,H,0,0,0
80343,H,0,1,0
80344,H,0,0,0
80345,H,0,0,0
80347,H,0,1,0
80349,H,0,0,0
80350,H,0,1,0
80351,H,0,0,0
80352,H,0,0,0
80355,H,0,0,0
80357,H,0,0,0
80360,H,0,0,0
80361,H,0,0,0
80362,H,0,0,0
80364,H,0,0,0
80365,H,0,0,0
80366,H,0,0,0
80367,H,0,0,0
80368,H,0,0,0
80369,H,0,0,0
80371,H,0,0,0
80372,H,0,0,0
80375,H,0,0,0
80377,H,0,0,0
80379,H,0,0,0
80380,H,0,0,0
80381,H,0,0,0
80382,H,0,0,0
80384,H,0,0,0
80385,H,0,0,0
80386,H,0,0,0
80387,H,0,0,0
80388,H,0,0,0
80389,H,0,0,0
80390,H,0,0,0
80391,H,0,0,0
80393,H,0,0,0
80394,H,0,0,0
80396,H,0,0,0
80397,H,0,1,0
80401,H,0,0,0
80402,H,0,0,0
80403,H,0,0,0
80405,H,0,0,0
80406,H,0,1,0
80408,H,0,0,0
80410,H,0,1,0
80411,H,0,0,0
80413,H,0,0,0
80414,H,0,0,0
80416,H,0,0,0
80417,H,0,0,0
80425,H,0,0,0
80427,H,0,0,0
80428,H,0,1,0
80429,H,0,0,0
80430,H,0,0,0
80432,H,0,0,0
80434,H,0,0,0
80436,H,0,0,0
80437,H,0,0,0
80438,H,0,0,0
80440,H,0,0,0
80441,H,0,0,0
80442,H,0,1,0
80444,H,0,1,0
80445,H,0,0,0
80446,H,0,0,0
80448,H,0,0,0
80450,H,0,0,0
80453,H,0,0,0
80454,H,0,0,0
80456,H,0,0,0
80458,H,0,0,0
80466,H,0,1,0
80468,H,0,0,0
80469,H,0,0,0
80474,H,0,0,0
80477,H,0,0,0
80478,H,0,0,0
80479,H,0,0,0
80481,H,0,0,0
80482,H,0,0,0
80483,H,0,0,0
80486,H,0,0,0
80489,H,0,0,0
80490,H,0,0,0
80491,H,0,0,0
80492,H,0,0,0
80493,H,0,0,0
80494,H,0,0,0
80496,H,0,0,0
80497,H,0,0,0
80498,H,0,0,0
80501,H,0,0,0
80503,H,0,0,0
80505,H,0,0,0
80506,H,0,0,0
80507,H,0,0,0
80509,H,0,0,0
80511,H,0,1,0
80512,H,0,0,0
80513,H,0,0,0
80516,H,0,0,0
80517,H,0,0,0
80518,H,0,0,0
80519,H,0,0,0
80520,H,0,0,0
80521,H,0,0,0
80522,H,0,0,0
80523,H,0,0,0
80525,H,0,0,0
80526,H,0,0,0
80528,H,0,0,0
80530,H,0,0,0
80531,H,0,0,0
80533,H,0,1,0
80535,H,0,0,0
80537,H,0,0,0
80538,H,0,0,0
80539,H,0,0,0
80540,H,0,0,0
80542,H,0,0,0
80543,H,0,0,0
80545,H,0,0,0
80547,H,0,0,0
80548,H,0,0,0
80549,H,0,0,0
80550,H,0,0,0
80552,H,0,0,0
80553,H,0,0,0
80554,H,0,0,0
80555,H,0,0,0
80556,H,0,0,0
80559,H,0,0,0
80560,H,0,0,0
80561,H,0,0,0
80562,H,0,0,0
80564,H,0,0,0
80565,H,0,0,0
80569,H,0,0,0
80570,H,0,0,0
80573,H,0,0,0
80578,H,0,0,0
80583,H,0,0,0
80585,H,0,0,0
80586,H,0,0,0
80587,H,0,0,0
80588,H,0,0,0
80589,H,0,0,0
80590,H,0,0,0
80592,H,0,0,0
80593,H,0,0,0
80594,H,0,0,0
80595,H,0,0,0
80596,H,0,0,0
80599,H,0,0,0
80601,H,0,0,0
80602,H,0,0,0
80603,H,0,0,0
80604,H,0,0,0
80611,H,0,0,0
80613,H,0,0,0
80617,H,0,0,0
80618,H,0,0,0
80619,H,0,0,0
80620,H,0,0,0
80622,H,0,1,0
80623,H,0,0,0
80626,H,0,1,0
80627,H,0,0,0
80628,H,0,0,0
80632,H,0,0,0
80633,H,0,0,0
80634,H,0,1,0
80635,H,0,0,0
80636,H,0,0,0
80637,H,0,0,0
80639,H,0,0,0
80641,H,0,0,0
80643,H,0,1,0
80645,H,0,0,0
80646,H,0,0,0
80647,H,0,0,0
80648,H,0,0,0
80649,H,0,0,0
80651,H,0,1,0
80652,H,0,0,0
80653,H,0,0,0
80654,H,0,0,0
80656,H,0,0,0
80657,H,0,0,0
80658,H,0,0,0
80659,H,0,1,0
80660,H,0,0,0
80662,H,0,0,0
80663,H,0,0,0
80667,H,0,0,0
80669,H,0,0,0
80671,H,0,0,0
80672,H,0,0,0
80676,H,0,0,0
80678,H,0,0,0
80679,H,0,0,0
80680,H,0,0,0
80682,H,0,0,0
80683,H,0,0,0
80684,H,0,0,0
80685,H,0,0,0
80686,H,0,0,0
80688,H,0,0,0
80689,H,0,0,0
80692,H,0,0,0
80693,H,0,0,0
80694,H,0,0,0
80695,H,0,1,0
80699,H,0,0,0
80701,H,0,0,0
80703,H,0,0,0
80705,H,0,0,0
80706,H,0,0,0
80707,H,0,0,0
80708,H,0,0,0
80709,H,0,0,0
80710,H,0,1,0
80712,H,0,0,0
80713,H,0,0,0
80714,H,0,0,0
80717,H,0,0,0
80718,H,0,0,0
80719,H,0,0,0
80722,H,0,0,0
80723,H,0,0,0
80726,H,0,0,0
80729,H,0,0,0
80730,H,0,0,0
80731,H,0,0,0
80732,H,0,0,0
80733,H,0,0,0
80735,H,0,0,0
80736,H,0,0,0
80737,H,0,0,0
80738,H,0,0,0
80739,H,0,0,0
80740,H,0,0,0
80741,H,0,0,0
80742,H,0,0,0
80743,H,0,0,0
80745,H,0,0,0
80747,H,0,0,0
80749,H,0,0,0
80750,H,0,0,0
80753,H,0,0,0
80754,H,0,0,0
80755,H,0,0,0
80756,H,0,0,0
80757,H,0,0,0
80758,H,0,0,0
80761,H,0,0,0
80765,H,0,0,0
80767,H,0,0,0
80769,H,0,0,0
80770,H,0,0,0
80771,H,0,0,0
80772,H,0,0,0
80773,H,0,0,0
80774,H,0,0,0
80775,H,0,0,0
80778,H,0,0,0
80781,H,0,0,0
80782,H,0,0,0
80784,H,0,0,0
80786,H,0,0,0
80787,H,0,0,0
80788,H,0,0,0
80790,H,0,0,0
80792,H,0,0,0
80793,H,0,0,0
80794,H,0,0,0
80795,H,0,0,0
80796,H,0,0,0
80798,H,0,0,0
80799,H,0,0,0
80800,H,0,0,0
80804,H,0,0,0
80805,H,0,0,0
80808,H,0,0,0
80810,H,0,0,0
80812,H,0,0,0
80814,H,0,0,0
80815,H,0,1,0
80816,H,0,0,0
80817,H,0,0,0
80819,H,0,0,0
80820,H,0,0,0
80821,H,0,0,0
80822,H,0,0,0
80823,H,0,0,0
80825,H,0,0,0
80826,H,0,0,0
80831,H,0,0,0
80832,H,0,0,0
80833,H,0,0,0
80836,H,0,0,0
80837,H,0,1,0
80840,H,0,0,0
80841,H,0,0,0
80842,H,0,0,0
80843,H,0,0,0
80846,H,0,0,0
80847,H,0,0,0
80849,H,0,0,0
80850,H,0,0,0
80851,H,0,0,0
80853,H,0,0,0
80854,H,0,0,0
80858,H,0,0,0
80859,H,0,0,0
80862,H,0,0,0
80863,H,0,0,0
80864,H,0,0,0
80865,H,0,0,0
80868,H,0,0,0
80869,H,0,0,0
80872,H,0,1,0
80873,H,0,0,0
80874,H,0,0,0
80876,H,0,0,0
80878,H,0,0,0
80879,H,0,0,0
80880,H,0,0,0
80881,H,0,1,0
80882,H,0,0,0
80883,H,0,0,0
80884,H,0,0,0
80885,H,0,0,0
80889,H,0,0,0
80890,H,0,0,0
80892,H,0,0,0
80893,H,0,0,0
80894,H,0,0,0
80898,H,0,0,0
80900,H,0,1,0
80903,H,0,0,0
80904,H,0,0,0
80905,H,0,0,0
80908,H,0,0,0
80911,H,0,0,0
80912,H,0,0,0
80915,H,0,0,0
80916,H,0,0,0
80917,H,0,0,0
80920,H,0,0,0
80921,H,0,0,0
80923,H,0,0,0
80924,H,0,1,0
80928,H,0,0,0
80929,H,0,0,0
80930,H,0,0,0
80932,H,0,0,0
80934,H,0,0,0
80936,H,0,0,0
80937,H,0,0,0
80938,H,0,0,0
80939,H,0,0,0
80941,H,0,0,0
80943,H,0,0,0
80945,H,0,0,0
80946,H,0,0,0
80948,H,0,0,0
80954,H,0,0,0
80955,H,0,0,0
80956,H,0,0,0
80959,H,0,0,0
80960,H,0,0,0
80961,H,0,0,0
80962,H,0,0,0
80964,H,0,0,0
80965,H,0,0,0
80966,H,0,0,0
80967,H,0,0,0
80968,H,0,0,0
80973,H,0,0,0
80975,H,0,0,0
80976,H,0,0,0
80979,H,0,0,0
80980,H,0,0,0
80981,H,0,0,0
80982,H,0,0,0
80985,H,0,0,0
80988,H,0,0,0
80989,H,0,0,0
80990,H,0,0,0
80997,H,0,0,0
81000,H,0,0,0
81004,H,0,0,0
81008,H,0,0,0
81009,H,0,0,0
81010,H,0,0,0
81011,H,0,0,0
81012,H,0,0,0
81013,H,0,0,0
81014,H,0,0,0
81015,H,0,0,0
81020,H,0,0,0
81022,H,0,0,0
81023,H,0,0,0
81025,H,0,0,0
81026,H,0,0,0
81029,H,0,1,0
81030,H,0,1,0
81032,H,0,0,0
81034,H,0,0,0
81037,H,0,0,0
81038,H,0,0,0
81039,H,0,0,0
81040,H,0,0,0
81041,H,0,0,0
81042,H,0,0,0
81043,H,0,0,0
81050,H,0,0,0
81051,H,0,0,0
81052,H,0,0,0
81054,H,0,0,0
81055,H,0,0,0
81056,H,0,0,0
81057,H,0,0,0
81061,H,0,0,0
81062,H,0,0,0
81063,H,0,0,0
81065,H,0,0,0
81068,H,0,0,0
81069,H,0,0,0
81070,H,0,0,0
81074,H,0,0,0
81075,H,0,0,0
81076,H,0,0,0
81078,H,0,0,0
81079,H,0,0,0
81082,H,0,1,0
81083,H,0,0,0
81084,H,0,0,0
81087,H,0,0,0
81088,H,0,0,0
81090,H,0,0,0
81092,H,0,0,0
81093,H,0,0,0
81095,H,0,0,0
81096,H,0,0,0
81097,H,0,0,0
81099,H,0,0,0
81100,H,0,0,0
81101,H,0,0,0
81103,H,0,0,0
81104,H,0,0,0
81105,H,0,0,0
81107,H,0,0,0
81109,H,0,0,0
81110,H,0,0,0
81111,H,0,0,0
81113,H,0,0,0
81115,H,0,0,0
81117,H,0,0,0
81118,H,0,0,0
81119,H,0,0,0
81121,H,0,0,0
81122,H,0,0,0
81130,H,0,0,0
81131,H,0,0,0
81134,H,0,0,0
81135,H,0,0,0
81136,H,0,0,0
81138,H,0,0,0
81139,H,0,0,0
81141,H,0,0,0
81142,H,0,0,0
81143,H,0,0,0
81144,H,0,0,0
81147,H,0,0,0
81148,H,0,0,0
81149,H,0,0,0
81151,H,0,0,0
81152,H,0,0,0
81153,H,0,0,0
81154,H,0,0,0
81155,H,0,0,0
81159,H,0,0,0
81160,H,0,0,0
81161,H,0,0,0
81162,H,0,0,0
81163,H,0,0,0
81165,H,0,0,0
81166,H,0,0,0
81168,H,0,0,0
81169,H,0,0,0
81170,H,0,0,0
81171,H,0,0,0
81173,H,0,0,0
81174,H,0,0,0
81175,H,0,0,0
81176,H,0,0,0
81177,H,0,0,0
81178,H,0,0,0
81179,H,0,0,0
81185,H,0,0,0
81186,H,0,0,0
81187,H,0,0,0
81190,H,0,0,0
81192,H,0,0,0
81193,H,0,0,0
81196,H,0,0,0
81197,H,0,1,0
81201,H,0,0,0
81202,H,0,0,0
81203,H,0,0,0
81204,H,0,1,0
81206,H,0,1,0
81207,H,0,0,0
81209,H,0,0,0
81210,H,0,0,0
81212,H,0,0,0
81213,H,0,0,0
81214,H,0,0,0
81216,H,0,0,0
81217,H,0,0,0
81218,H,0,0,0
81219,H,0,0,0
81221,H,0,0,0
81223,H,0,0,0
81224,H,0,0,0
81225,H,0,0,0
81226,H,0,0,0
81228,H,0,0,0
81229,H,0,0,0
81230,H,0,0,0
81231,H,0,0,0
81232,H,0,0,0
81234,H,0,1,0
81235,H,0,0,0
81237,H,0,0,0
81238,H,0,0,0
81241,H,0,0,0
81244,H,0,0,0
81248,H,0,0,0
81250,H,0,0,0
81251,H,0,0,0
81256,H,0,0,0
81259,H,0,0,0
81260,H,0,0,0
81262,H,0,0,0
81264,H,0,0,0
81266,H,0,0,0
81267,H,0,0,0
81268,H,0,0,0
81269,H,0,0,0
81270,H,0,0,0
81272,H,0,1,0
81273,H,0,0,0
81275,H,0,0,0
81276,H,0,0,0
81278,H,0,0,0
81282,H,0,0,0
81283,H,0,0,0
81284,H,0,0,0
81285,H,0,1,0
81287,H,0,0,0
81288,H,0,0,0
81290,H,0,0,0
81291,H,0,0,0
81292,H,0,0,0
81294,H,0,0,0
81295,H,0,0,0
81296,H,0,0,0
81297,H,0,0,0
81298,H,0,1,0
81302,H,0,0,0
81303,H,0,0,0
81304,H,0,0,0
81306,H,0,0,0
81309,H,0,0,0
81310,H,0,0,0
81311,H,0,1,0
81312,H,0,0,0
81313,H,0,0,0
81316,H,0,0,0
81317,H,0,0,0
81319,H,0,0,0
81320,H,0,0,0
81321,H,0,0,0
81322,H,0,0,0
81323,H,0,0,0
81328,H,0,0,0
81329,H,0,0,0
81331,H,0,0,0
81332,H,0,0,0
81334,H,0,0,0
81337,H,0,0,0
81339,H,0,0,0
81342,H,0,0,0
81343,H,0,1,0
81344,H,0,0,0
81345,H,0,0,0
81347,H,0,0,0
81348,H,0,0,0
81349,H,0,0,0
81350,H,0,0,0
81352,H,0,0,0
81353,H,0,0,0
81357,H,0,0,0
81358,H,0,0,0
81359,H,0,0,0
81362,H,0,1,0
81366,H,0,0,0
81367,H,0,1,0
81368,H,0,0,0
81370,H,0,0,0
81372,H,0,0,0
81373,H,0,0,0
81374,H,0,0,0
81375,H,0,0,0
81377,H,0,0,0
81378,H,0,0,0
81379,H,0,0,0
81380,H,0,0,0
81381,H,0,0,0
81382,H,0,0,0
81384,H,0,0,0
81385,H,0,0,0
81386,H,0,0,0
81387,H,0,0,0
81388,H,0,0,0
81391,H,0,0,0
81395,H,0,1,0
81396,H,0,1,0
81399,H,0,0,0
81406,H,0,0,0
81408,H,0,0,0
81409,H,0,0,0
81412,H,0,0,0
81413,H,0,0,0
81415,H,0,0,0
81416,H,0,0,0
81418,H,0,0,0
81424,H,0,0,0
81427,H,0,0,0
81428,H,0,0,0
81429,H,0,0,0
81430,H,0,0,0
81434,H,0,0,0
81435,H,0,0,0
81436,H,0,0,0
81438,H,0,0,0
81441,H,0,0,0
81442,H,0,1,0
81444,H,0,0,0
81447,H,0,0,0
81448,H,0,0,0
81450,H,0,0,0
81451,H,0,0,0
81452,H,0,0,0
81453,H,0,0,0
81456,H,0,0,0
81457,H,0,0,0
81460,H,0,0,0
81461,H,0,0,0
81462,H,0,1,0
81463,H,0,0,0
81464,H,0,0,0
81465,H,0,0,0
81468,H,0,0,0
81470,H,0,0,0
81472,H,0,1,0
81473,H,0,0,0
81474,H,0,0,0
81475,H,0,0,0
81477,H,0,0,0
81481,H,0,0,0
81482,H,0,0,0
81484,H,0,0,0
81485,H,0,0,0
81486,H,0,0,0
81487,H,0,0,0
81489,H,0,0,0
81490,H,0,0,0
81491,H,0,0,0
81492,H,0,0,0
81494,H,0,0,0
81495,H,0,1,0
81497,H,0,0,0
81499,H,0,1,0
81503,H,0,0,0
81504,H,0,0,0
81506,H,0,0,0
81508,H,0,0,0
81509,H,0,0,0
81512,H,0,0,0
81514,H,0,0,0
81516,H,0,0,0
81519,H,0,0,0
81521,H,0,0,0
81523,H,0,0,0
81524,H,0,0,0
81527,H,0,0,0
81528,H,0,0,0
81530,H,0,0,0
81533,H,0,0,0
81534,H,0,0,0
81535,H,0,1,0
81537,H,0,0,0
81544,H,0,0,0
81547,H,0,0,0
81548,H,0,0,0
81550,H,0,0,0
81552,H,0,1,0
81553,H,0,0,0
81556,H,0,0,0
81559,H,0,0,0
81563,H,0,0,0
81564,H,0,0,0
81566,H,0,0,0
81568,H,0,0,0
81570,H,0,0,0
81571,H,0,0,0
81573,H,0,0,0
81574,H,0,0,0
81576,H,0,1,0
81578,H,0,0,0
81579,H,0,0,0
81580,H,0,0,0
81581,H,0,1,0
81582,H,0,0,0
81583,H,0,0,0
81584,H,0,0,0
81585,H,0,0,0
81587,H,0,0,0
81590,H,0,0,0
81593,H,0,0,0
81594,H,0,0,0
81595,H,0,0,0
81596,H,0,0,0
81597,H,0,0,0
81598,H,0,0,0
81599,H,0,0,0
81600,H,0,0,0
81601,H,0,0,0
81602,H,0,1,0
81603,H,0,0,0
81604,H,0,0,0
81605,H,0,0,0
81606,H,0,0,0
81607,H,0,0,0
81608,H,0,0,0
81609,H,0,1,0
81610,H,0,1,0
81611,H,0,1,0
81613,H,0,0,0
81614,H,0,0,0
81617,H,0,0,0
81618,H,0,0,0
81619,H,0,0,0
81620,H,0,1,0
81622,H,0,0,0
81623,H,0,0,0
81624,H,0,0,0
81625,H,0,0,0
81626,H,0,0,0
81627,H,0,1,0
81628,H,0,0,0
81629,H,0,0,0
81633,H,0,0,0
81636,H,0,0,0
81640,H,0,0,0
81642,H,0,0,0
81643,H,0,0,0
81645,H,0,0,0
81647,H,0,0,0
81648,H,0,0,0
81649,H,0,0,0
81654,H,0,0,0
81655,H,0,0,0
81659,H,0,0,0
81660,H,0,0,0
81661,H,0,0,0
81662,H,0,0,0
81664,H,0,0,0
81665,H,0,0,0
81666,H,0,1,0
81667,H,0,0,0
81668,H,0,0,0
81669,H,0,0,0
81671,H,0,0,0
81672,H,0,0,0
81674,H,0,0,0
81675,H,0,0,0
81677,H,0,0,0
81679,H,0,0,0
81680,H,0,0,0
81681,H,0,0,0
81683,H,0,0,0
81686,H,0,0,0
81689,H,0,0,0
81694,H,0,0,0
81695,H,0,0,0
81697,H,0,0,0
81698,H,0,0,0
81699,H,0,0,0
81700,H,0,0,0
81701,H,0,0,0
81703,H,0,0,0
81704,H,0,0,0
81706,H,0,0,0
81707,H,0,1,0
81708,H,0,0,0
81709,H,0,0,0
81711,H,0,0,0
81712,H,0,0,0
81714,H,0,0,0
81715,H,0,1,0
81717,H,0,0,0
81719,H,0,0,0
81721,H,0,0,0
81722,H,0,0,0
81725,H,0,0,0
81726,H,0,0,0
81729,H,0,0,0
81733,H,0,0,0
81736,H,0,0,0
81737,H,0,0,0
81740,H,0,0,0
81741,H,0,0,0
81742,H,0,0,0
81743,H,0,0,0
81748,H,0,0,0
81750,H,0,0,0
81752,H,0,0,0
81753,H,0,0,0
81755,H,0,0,0
81760,H,0,0,0
81762,H,0,1,0
81763,H,0,0,0
81764,H,0,1,0
81766,H,0,0,0
81767,H,0,0,0
81768,H,0,0,0
81770,H,0,1,0
81771,H,0,1,0
81772,H,0,0,0
81773,H,0,0,0
81776,H,0,0,0
81777,H,0,0,0
81778,H,0,0,0
81779,H,0,0,0
81780,H,0,0,0
81781,H,0,0,0
81783,H,0,0,0
81784,H,0,0,0
81785,H,0,0,0
81787,H,0,0,0
81789,H,0,0,0
81792,H,0,0,0
81794,H,0,0,0
81795,H,0,0,0
81797,H,0,0,0
81798,H,0,0,0
81801,H,0,0,0
81802,H,0,0,0
81803,H,0,0,0
81805,H,0,0,0
81806,H,0,0,0
81808,H,0,0,0
81809,H,0,0,0
81812,H,0,0,0
81813,H,0,0,0
81814,H,0,0,0
81815,H,0,0,0
81816,H,0,0,0
81818,H,0,1,0
81819,H,0,0,0
81820,H,0,0,0
81822,H,0,0,0
81823,H,0,0,0
81824,H,0,0,0
81825,H,0,0,0
81826,H,0,0,0
81827,H,0,0,0
81828,H,0,0,0
81829,H,0,0,0
81830,H,0,0,0
81831,H,0,0,0
81832,H,0,1,0
81833,H,0,0,0
81834,H,0,0,0
81835,H,0,1,0
81836,H,0,0,0
81837,H,0,0,0
81842,H,0,0,0
81843,H,0,0,0
81844,H,0,0,0
81845,H,0,0,0
81846,H,0,0,0
81847,H,0,0,0
81848,H,0,0,0
81849,H,0,0,0
81850,H,0,0,0
81851,H,0,0,0
81854,H,0,0,0
81855,H,0,0,0
81858,H,0,0,0
81860,H,0,0,0
81862,H,0,0,0
81863,H,0,0,0
81865,H,0,0,0
81866,H,0,0,0
81867,H,0,0,0
81870,H,0,0,0
81871,H,0,0,0
81872,H,0,0,0
81873,H,0,0,0
81875,H,0,0,0
81877,H,0,0,0
81879,H,0,0,0
81882,H,0,0,0
81883,H,0,0,0
81885,H,0,1,0
81886,H,0,0,0
81887,H,0,0,0
81889,H,0,0,0
81890,H,0,0,0
81891,H,0,0,0
81893,H,0,0,0
81894,H,0,0,0
81895,H,0,0,0
81896,H,0,0,0
81898,H,0,0,0
81899,H,0,0,0
81900,H,0,0,0
81903,H,0,0,0
81904,H,0,0,0
81909,H,0,0,0
81910,H,0,0,0
81913,H,0,0,0
81918,H,0,0,0
81919,H,0,0,0
81920,H,0,0,0
81923,H,0,0,0
81925,H,0,0,0
81930,H,0,0,0
81932,H,0,0,0
81933,H,0,0,0
81934,H,0,0,0
81935,H,0,0,0
81938,H,0,0,0
81940,H,0,1,0
81942,H,0,0,0
81944,H,0,0,0
81945,H,0,0,0
81946,H,0,1,0
81949,H,0,0,0
81950,H,0,0,0
81952,H,0,0,0
81953,H,0,0,0
81954,H,0,0,0
81955,H,0,0,0
81956,H,0,0,0
81957,H,0,0,0
81959,H,0,0,0
81962,H,0,0,0
81965,H,0,0,0
81966,H,0,0,0
81967,H,0,0,0
81968,H,0,0,0
81969,H,0,0,0
81970,H,0,0,0
81971,H,0,0,0
81974,H,0,0,0
81975,H,0,0,0
81978,H,0,0,0
81979,H,0,0,0
81980,H,0,0,0
81982,H,0,0,0
81983,H,0,0,0
81985,H,0,0,0
81987,H,0,0,0
81988,H,0,0,0
81989,H,0,0,0
81992,H,0,0,0
81993,H,0,0,0
81994,H,0,0,0
81995,H,0,1,0
81996,H,0,1,0
81997,H,0,0,0
81998,H,0,0,0
82001,H,0,0,0
82002,H,0,0,0
82003,H,0,0,0
82005,H,0,0,0
82006,H,0,0,0
82007,H,0,0,0
82010,H,0,0,0
82011,H,0,0,0
82012,H,0,0,0
82015,H,0,0,0
82017,H,0,0,0
82019,H,0,0,0
82020,H,0,0,0
82021,H,0,0,0
82023,H,0,0,0
82025,H,0,0,0
82026,H,0,0,0
82027,H,0,0,0
82028,H,0,0,0
82031,H,0,0,0
82037,H,0,0,0
82039,H,0,0,0
82041,H,0,0,0
82043,H,0,0,0
82046,H,0,0,0
82047,H,0,0,0
82050,H,0,1,0
82051,H,0,0,0
82052,H,0,1,0
82053,H,0,0,0
82055,H,0,1,0
82056,H,0,0,0
82057,H,0,0,0
82058,H,0,0,0
82059,H,0,0,0
82060,H,0,0,0
82061,H,0,1,0
82062,H,0,0,0
82067,H,0,0,0
82068,H,0,0,0
82070,H,0,0,0
82073,H,0,0,0
82075,H,0,0,0
82077,H,0,0,0
82079,H,0,0,0
82083,H,0,0,0
82085,H,0,0,0
82086,H,0,0,0
82087,H,0,0,0
82088,H,0,0,0
82089,H,0,0,0
82090,H,0,0,0
82091,H,0,0,0
82092,H,0,0,0
82093,H,0,0,0
82094,H,0,0,0
82095,H,0,0,0
82098,H,0,0,0
82099,H,0,0,0
82102,H,0,0,0
82103,H,0,1,0
82105,H,0,0,0
82106,H,0,0,0
82107,H,0,0,0
82108,H,0,0,0
82109,H,0,0,0
82110,H,0,0,0
82111,H,0,0,0
82112,H,0,0,0
82113,H,0,0,0
82115,H,0,0,0
82116,H,0,0,0
82117,H,0,0,0
82120,H,0,1,0
82124,H,0,0,0
82125,H,0,0,0
82126,H,0,0,0
82127,H,0,0,0
82128,H,0,0,0
82130,H,0,0,0
82131,H,0,0,0
82133,H,0,0,0
82134,H,0,0,0
82138,H,0,0,0
82139,H,0,1,0
82140,H,0,0,0
82143,H,0,0,0
82144,H,0,0,0
82147,H,0,0,0
82148,H,0,0,0
82149,H,0,0,0
82151,H,0,0,0
82152,H,0,0,0
82153,H,0,0,0
82157,H,0,0,0
82158,H,0,0,0
82160,H,0,0,0
82161,H,0,0,0
82162,H,0,0,0
82163,H,0,0,0
82164,H,0,0,0
82165,H,0,0,0
82167,H,0,0,0
82169,H,0,1,0
82170,H,0,0,0
82171,H,0,0,0
82172,H,0,0,0
82173,H,0,0,0
82176,H,0,0,0
82177,H,0,0,0
82181,H,0,0,0
82182,H,0,0,0
82184,H,0,0,0
82187,H,0,0,0
82188,H,0,0,0
82189,H,0,0,0
82190,H,0,0,0
82191,H,0,0,0
82192,H,0,0,0
82194,H,0,0,0
82195,H,0,1,0
82197,H,0,0,0
82199,H,0,0,0
82200,H,0,0,0
82201,H,0,0,0
82204,H,0,0,0
82205,H,0,0,0
82207,H,0,0,0
82209,H,0,0,0
82211,H,0,0,0
82212,H,0,0,0
82213,H,0,0,0
82216,H,0,0,0
82217,H,0,0,0
82219,H,0,0,0
82221,H,0,0,0
82223,H,0,0,0
82224,H,0,0,0
82225,H,0,0,0
82226,H,0,1,0
82227,H,0,0,0
82230,H,0,0,0
82231,H,0,0,0
82233,H,0,0,0
82235,H,0,0,0
82236,H,0,0,0
82238,H,0,0,0
82241,H,0,0,0
82243,H,0,0,0
82244,H,0,1,0
82245,H,0,0,0
82247,H,0,1,0
82250,H,0,0,0
82252,H,0,0,0
82253,H,0,0,0
82254,H,0,0,0
82257,H,0,0,0
82258,H,0,0,0
82259,H,0,0,0
82261,H,0,0,0
82269,H,0,0,0
82270,H,0,0,0
82271,H,0,0,0
82275,H,0,0,0
82276,H,0,0,0
82277,H,0,0,0
82278,H,0,0,0
82281,H,0,0,0
82282,H,0,0,0
82283,H,0,1,0
82285,H,0,0,0
82287,H,0,0,0
82288,H,0,0,0
82290,H,0,0,0
82291,H,0,0,0
82295,H,0,0,0
82298,H,0,0,0
82300,H,0,0,0
82306,H,0,1,0
82307,H,0,0,0
82308,H,0,0,0
82309,H,0,0,0
82310,H,0,1,0
82312,H,0,0,0
82315,H,0,0,0
82316,H,0,1,0
82318,H,0,0,0
82319,H,0,0,0
82320,H,0,0,0
82321,H,0,0,0
82322,H,0,0,0
82325,H,0,0,0
82329,H,0,0,0
82330,H,0,0,0
82334,H,0,0,0
82335,H,0,0,0
82336,H,0,1,0
82337,H,0,0,0
82338,H,0,0,0
82340,H,0,1,0
82342,H,0,0,0
82343,H,0,0,0
82344,H,0,0,0
82345,H,0,1,0
82346,H,0,0,0
82348,H,0,0,0
82351,H,0,0,0
82353,H,0,0,0
82354,H,0,0,0
82355,H,0,0,0
82356,H,0,0,0
82357,H,0,0,0
82359,H,0,0,0
82360,H,0,0,0
82363,H,0,0,0
82367,H,0,1,0
82368,H,0,0,0
82369,H,0,0,0
82370,H,0,0,0
82372,H,0,0,0
82375,H,0,0,0
82376,H,0,0,0
82377,H,0,0,0
82379,H,0,1,0
82380,H,0,0,0
82381,H,0,1,0
82383,H,0,0,0
82384,H,0,0,0
82388,H,0,0,0
82389,H,0,0,0
82391,H,0,0,0
82393,H,0,0,0
82394,H,0,1,0
82395,H,0,0,0
82396,H,0,0,0
82397,H,0,0,0
82398,H,0,0,0
82401,H,0,0,0
82402,H,0,0,0
82403,H,0,0,0
82404,H,0,0,0
82405,H,0,0,0
82406,H,0,0,0
82407,H,0,0,0
82408,H,0,0,0
82409,H,0,0,0
82410,H,0,0,0
82412,H,0,0,0
82413,H,0,0,0
82414,H,0,0,0
82416,H,0,0,0
82417,H,0,0,0
82420,H,0,0,0
82423,H,0,0,0
82424,H,0,0,0
82425,H,0,0,0
82426,H,0,0,0
82427,H,0,0,0
82428,H,0,0,0
82429,H,0,0,0
82430,H,0,0,0
82432,H,0,1,0
82434,H,0,1,0
82435,H,0,1,0
82436,H,0,0,0
82439,H,0,0,0
82440,H,0,0,0
82441,H,0,0,0
82445,H,0,0,0
82446,H,0,0,0
82448,H,0,0,0
82449,H,0,0,0
82450,H,0,0,0
82451,H,0,0,0
82452,H,0,0,0
82454,H,0,0,0
82455,H,0,1,0
82459,H,0,0,0
82460,H,0,1,0
82461,H,0,0,0
82462,H,0,0,0
82463,H,0,0,0
82464,H,0,0,0
82465,H,0,0,0
82466,H,0,0,0
82467,H,0,0,0
82471,H,0,0,0
82477,H,0,0,0
82479,H,0,0,0
82482,H,0,0,0
82483,H,0,0,0
82485,H,0,0,0
82486,H,0,0,0
82487,H,0,0,0
82488,H,0,0,0
82489,H,0,0,0
82492,H,0,0,0
82494,H,0,1,0
82495,H,0,0,0
82498,H,0,1,0
82500,H,0,1,0
82501,H,0,0,0
82504,H,0,0,0
82507,H,0,0,0
82509,H,0,0,0
82512,H,0,0,0
82513,H,0,0,0
82517,H,0,0,0
82519,H,0,0,0
82521,H,0,0,0
82524,H,0,0,0
82527,H,0,0,0
82529,H,0,0,0
82531,H,0,0,0
82533,H,0,1,0
82534,H,0,0,0
82535,H,0,0,0
82536,H,0,0,0
82537,H,0,0,0
82538,H,0,0,0
82540,H,0,0,0
82541,H,0,0,0
82542,H,0,0,0
82547,H,0,0,0
82550,H,0,0,0
82554,H,0,0,0
82557,H,0,0,0
82558,H,0,1,0
82559,H,0,0,0
82560,H,0,0,0
82561,H,0,0,0
82562,H,0,0,0
82564,H,0,0,0
82565,H,0,0,0
82566,H,0,0,0
82567,H,0,0,0
82569,H,0,0,0
82570,H,0,0,0
82571,H,0,0,0
82572,H,0,0,0
82574,H,0,0,0
82576,H,0,0,0
82577,H,0,0,0
82579,H,0,0,0
82580,H,0,0,0
82582,H,0,0,0
82587,H,0,0,0
82588,H,0,0,0
82589,H,0,0,0
82590,H,0,1,0
82591,H,0,0,0
82595,H,0,0,0
82596,H,0,0,0
82597,H,0,0,0
82601,H,0,0,0
82603,H,0,0,0
82604,H,0,1,0
82605,H,0,0,0
82608,H,0,0,0
82609,H,0,0,0
82610,H,0,0,0
82611,H,0,0,0
82612,H,0,0,0
82613,H,0,0,0
82615,H,0,0,0
82616,H,0,0,0
82617,H,0,0,0
82618,H,0,0,0
82619,H,0,1,0
82621,H,0,0,0
82625,H,0,0,0
82627,H,0,0,0
82629,H,0,0,0
82634,H,0,1,0
82635,H,0,0,0
82636,H,0,0,0
82637,H,0,0,0
82638,H,0,0,0
82640,H,0,0,0
82642,H,0,0,0
82643,H,0,0,0
82644,H,0,0,0
82646,H,0,1,0
82648,H,0,0,0
82650,H,0,0,0
82651,H,0,0,0
82652,H,0,0,0
82654,H,0,0,0
82655,H,0,0,0
82657,H,0,0,0
82660,H,0,0,0
82664,H,0,1,0
82665,H,0,0,0
82666,H,0,1,0
82668,H,0,0,0
82669,H,0,0,0
82670,H,0,0,0
82671,H,0,0,0
82675,H,0,0,0
82677,H,0,1,0
82678,H,0,0,0
82680,H,0,0,0
82682,H,0,0,0
82684,H,0,0,0
82685,H,0,0,0
82688,H,0,1,0
82691,H,0,0,0
82692,H,0,0,0
82695,H,0,0,0
82696,H,0,0,0
82697,H,0,0,0
82698,H,0,0,0
82702,H,0,0,0
82703,H,0,0,0
82704,H,0,0,0
82705,H,0,0,0
82707,H,0,1,0
82708,H,0,0,0
82709,H,0,0,0
82710,H,0,0,0
82711,H,0,0,0
82712,H,0,0,0
82716,H,0,0,0
82718,H,0,0,0
82719,H,0,0,0
82720,H,0,0,0
82721,H,0,0,0
82723,H,0,0,0
82724,H,0,0,0
82727,H,0,0,0
82728,H,0,1,0
82729,H,0,0,0
82731,H,0,0,0
82733,H,0,0,0
82734,H,0,0,0
82735,H,0,0,0
82736,H,0,0,0
82737,H,0,0,0
82739,H,0,0,0
82740,H,0,0,0
82741,H,0,0,0
82742,H,0,1,0
82743,H,0,1,0
82745,H,0,0,0
82746,H,0,0,0
82748,H,0,0,0
82749,H,0,0,0
82750,H,0,0,0
82752,H,0,0,0
82755,H,0,0,0
82756,H,0,0,0
82757,H,0,0,0
82758,H,0,0,0
82759,H,0,0,0
82762,H,0,0,0
82765,H,0,0,0
82766,H,0,0,0
82769,H,0,0,0
82770,H,0,0,0
82771,H,0,0,0
82772,H,0,0,0
82773,H,0,0,0
82774,H,0,0,0
82775,H,0,1,0
82776,H,0,0,0
82778,H,0,0,0
82779,H,0,0,0
82780,H,0,1,0
82782,H,0,0,0
82784,H,0,0,0
82785,H,0,0,0
82788,H,0,0,0
82790,H,0,0,0
82791,H,0,0,0
82794,H,0,0,0
82797,H,0,1,0
82798,H,0,0,0
82802,H,0,1,0
82803,H,0,0,0
82805,H,0,0,0
82810,H,0,0,0
82811,H,0,0,0
82812,H,0,0,0
82813,H,0,0,0
82814,H,0,0,0
82815,H,0,0,0
82816,H,0,0,0
82820,H,0,0,0
82822,H,0,0,0
82823,H,0,0,0
82825,H,0,0,0
82826,H,0,0,0
82827,H,0,0,0
82829,H,0,0,0
82831,H,0,0,0
82832,H,0,0,0
82833,H,0,0,0
82836,H,0,0,0
82838,H,0,0,0
82839,H,0,0,0
82840,H,0,0,0
82841,H,0,0,0
82842,H,0,1,0
82844,H,0,0,0
82845,H,0,0,0
82846,H,0,0,0
82848,H,0,0,0
82849,H,0,0,0
82850,H,0,0,0
82851,H,0,0,0
82854,H,0,0,0
82855,H,0,0,0
82856,H,0,0,0
82857,H,0,0,0
82859,H,0,0,0
82860,H,0,0,0
82862,H,0,0,0
82863,H,0,0,0
82864,H,0,1,0
82867,H,0,0,0
82868,H,0,0,0
82874,H,0,0,0
82876,H,0,0,0
82879,H,0,0,0
82881,H,0,0,0
82882,H,0,1,0
82884,H,0,0,0
82886,H,0,1,0
82888,H,0,0,0
82889,H,0,0,0
82894,H,0,1,0
82895,H,0,0,0
82896,H,0,0,0
82897,H,0,0,0
82898,H,0,0,0
82899,H,0,1,0
82900,H,0,0,0
82901,H,0,0,0
82902,H,0,0,0
82903,H,0,0,0
82904,H,0,0,0
82906,H,0,0,0
82907,H,0,0,0
82909,H,0,0,0
82913,H,0,0,0
82915,H,0,0,0
82916,H,0,0,0
82917,H,0,0,0
82918,H,0,0,0
82920,H,0,0,0
82924,H,0,0,0
82925,H,0,0,0
82926,H,0,0,0
82929,H,0,0,0
82931,H,0,0,0
82932,H,0,0,0
82933,H,0,0,0
82938,H,0,0,0
82939,H,0,0,0
82940,H,0,0,0
82943,H,0,0,0
82945,H,0,0,0
82946,H,0,0,0
82948,H,0,1,0
82949,H,0,0,0
82951,H,0,0,0
82952,H,0,0,0
82953,H,0,0,0
82955,H,0,0,0
82956,H,0,0,0
82957,H,0,0,0
82959,H,0,1,0
82961,H,0,0,0
82962,H,0,0,0
82963,H,0,0,0
82964,H,0,0,0
82965,H,0,0,0
82967,H,0,0,0
82968,H,0,0,0
82969,H,0,0,0
82970,H,0,0,0
82971,H,0,0,0
82974,H,0,1,0
82975,H,0,0,0
82976,H,0,0,0
82978,H,0,0,0
82982,H,0,0,0
82987,H,0,0,0
82989,H,0,0,0
82990,H,0,0,0
82995,H,0,0,0
82996,H,0,0,0
82997,H,0,0,0
82998,H,0,0,0
82999,H,0,0,0
83001,H,0,0,0
83002,H,0,0,0
83003,H,0,0,0
83004,H,0,0,0
83005,H,0,0,0
83006,H,0,0,0
83007,H,0,0,0
83009,H,0,0,0
83010,H,0,0,0
83011,H,0,0,0
83013,H,0,0,0
83014,H,0,0,0
83016,H,0,0,0
83018,H,0,0,0
83019,H,0,0,0
83020,H,0,0,0
83023,H,0,0,0
83026,H,0,0,0
83027,H,0,0,0
83031,H,0,0,0
83033,H,0,0,0
83037,H,0,0,0
83039,H,0,0,0
83041,H,0,0,0
83042,H,0,0,0
83045,H,0,0,0
83046,H,0,0,0
83047,H,0,0,0
83048,H,0,0,0
83050,H,0,0,0
83052,H,0,0,0
83058,H,0,0,0
83059,H,0,0,0
83061,H,0,0,0
83063,H,0,0,0
83064,H,0,0,0
83065,H,0,0,0
83067,H,0,0,0
83068,H,0,0,0
83069,H,0,0,0
83070,H,0,0,0
83073,H,0,0,0
83074,H,0,0,0
83075,H,0,0,0
83078,H,0,0,0
83079,H,0,0,0
83081,H,0,0,0
83082,H,0,0,0
83083,H,0,0,0
83084,H,0,0,0
83085,H,0,0,0
83087,H,0,0,0
83088,H,0,0,0
83092,H,0,0,0
83094,H,0,0,0
83096,H,0,1,0
83097,H,0,0,0
83098,H,0,0,0
83099,H,0,0,0
83100,H,0,0,0
83101,H,0,0,0
83103,H,0,0,0
83104,H,0,0,0
83106,H,0,0,0
83108,H,0,0,0
83109,H,0,0,0
83110,H,0,0,0
83111,H,0,0,0
83114,H,0,0,0
83115,H,0,0,0
83116,H,0,0,0
83118,H,0,0,0
83122,H,0,0,0
83123,H,0,0,0
83124,H,0,0,0
83125,H,0,0,0
83127,H,0,0,0
83128,H,0,1,0
83129,H,0,0,0
83130,H,0,0,0
83131,H,0,0,0
83136,H,0,0,0
83137,H,0,0,0
83138,H,0,0,0
83140,H,0,0,0
83142,H,0,0,0
83143,H,0,1,0
83144,H,0,0,0
83146,H,0,0,0
83147,H,0,0,0
83148,H,0,0,0
83150,H,0,0,0
83151,H,0,0,0
83152,H,0,0,0
83153,H,0,0,0
83154,H,0,0,0
83157,H,0,0,0
83158,H,0,0,0
83159,H,0,0,0
83160,H,0,0,0
83162,H,0,0,0
83163,H,0,1,0
83165,H,0,0,0
83170,H,0,0,0
83171,H,0,0,0
83172,H,0,0,0
83174,H,0,0,0
83177,H,0,0,0
83179,H,0,0,0
83180,H,0,0,0
83181,H,0,0,0
83182,H,0,0,0
83183,H,0,1,0
83184,H,0,0,0
83186,H,0,0,0
83187,H,0,0,0
83188,H,0,0,0
83190,H,0,0,0
83191,H,0,0,0
83192,H,0,0,0
83193,H,0,1,0
83196,H,0,0,0
83197,H,0,0,0
83201,H,0,1,0
83202,H,0,0,0
83203,H,0,0,0
83206,H,0,0,0
83207,H,0,0,0
83208,H,0,0,0
83210,H,0,1,0
83212,H,0,0,0
83214,H,0,0,0
83215,H,0,0,0
83218,H,0,0,0
83220,H,0,0,0
83222,H,0,0,0
83233,H,0,0,0
83234,H,0,0,0
83236,H,0,0,0
83237,H,0,0,0
83238,H,0,0,0
83239,H,0,0,0
83241,H,0,0,0
83244,H,0,0,0
83248,H,0,1,0
83249,H,0,0,0
83250,H,0,0,0
83251,H,0,1,0
83252,H,0,0,0
83253,H,0,0,0
83254,H,0,0,0
83255,H,0,0,0
83256,H,0,0,0
83258,H,0,1,0
83260,H,0,0,0
83261,H,0,0,0
83262,H,0,0,0
83263,H,0,0,0
83265,H,0,0,0
83268,H,0,1,0
83270,H,0,0,0
83271,H,0,0,0
83272,H,0,0,0
83276,H,0,0,0
83277,H,0,0,0
83278,H,0,0,0
83279,H,0,0,0
83280,H,0,0,0
83282,H,0,0,0
83284,H,0,1,0
83285,H,0,0,0
83286,H,0,0,0
83287,H,0,0,0
83289,H,0,0,0
83291,H,0,0,0
83292,H,0,0,0
83294,H,0,0,0
83296,H,0,0,0
83297,H,0,0,0
83299,H,0,0,0
83300,H,0,0,0
83301,H,0,0,0
83305,H,0,0,0
83309,H,0,0,0
83311,H,0,0,0
83313,H,0,0,0
83314,H,0,0,0
83316,H,0,0,0
83320,H,0,0,0
83321,H,0,0,0
83323,H,0,1,0
83326,H,0,0,0
83328,H,0,0,0
83329,H,0,0,0
83331,H,0,0,0
83333,H,0,0,0
83334,H,0,0,0
83336,H,0,0,0
83338,H,0,0,0
83341,H,0,0,0
83345,H,0,0,0
83347,H,0,0,0
83349,H,0,0,0
83351,H,0,0,0
83352,H,0,0,0
83354,H,0,1,0
83356,H,0,0,0
83358,H,0,0,0
83359,H,0,1,0
83360,H,0,0,0
83361,H,0,0,0
83362,H,0,0,0
83363,H,0,0,0
83364,H,0,0,0
83365,H,0,0,0
83367,H,0,0,0
83368,H,0,0,0
83369,H,0,0,0
83372,H,0,0,0
83374,H,0,0,0
83375,H,0,0,0
83376,H,0,0,0
83379,H,0,0,0
83380,H,0,0,0
83381,H,0,0,0
83382,H,0,0,0
83385,H,0,0,0
83386,H,0,0,0
83387,H,0,0,0
83388,H,0,0,0
83389,H,0,0,0
83390,H,0,0,0
83391,H,0,0,0
83392,H,0,0,0
83393,H,0,0,0
83394,H,0,0,0
83395,H,0,0,0
83396,H,0,0,0
83397,H,0,0,0
83398,H,0,0,0
83399,H,0,0,0
83403,H,0,0,0
83406,H,0,0,0
83408,H,0,0,0
83409,H,0,0,0
83410,H,0,0,0
83411,H,0,1,0
83412,H,0,0,0
83414,H,0,0,0
83415,H,0,0,0
83417,H,0,0,0
83420,H,0,0,0
83423,H,0,0,0
83424,H,0,0,0
83425,H,0,0,0
83426,H,0,0,0
83427,H,0,0,0
83428,H,0,0,0
83429,H,0,0,0
83430,H,0,0,0
83431,H,0,0,0
83432,H,0,1,0
83433,H,0,0,0
83436,H,0,0,0
83437,H,0,0,0
83438,H,0,0,0
83439,H,0,0,0
83441,H,0,0,0
83445,H,0,0,0
83446,H,0,0,0
83447,H,0,1,0
83448,H,0,0,0
83450,H,0,0,0
83452,H,0,0,0
83453,H,0,0,0
83455,H,0,0,0
83456,H,0,0,0
83459,H,0,0,0
83460,H,0,0,0
83461,H,0,0,0
83464,H,0,1,0
83465,H,0,0,0
83466,H,0,0,0
83467,H,0,1,0
83472,H,0,0,0
83476,H,0,0,0
83477,H,0,0,0
83478,H,0,0,0
83480,H,0,0,0
83481,H,0,1,0
83483,H,0,0,0
83484,H,0,1,0
83485,H,0,0,0
83486,H,0,0,0
83487,H,0,0,0
83491,H,0,0,0
83492,H,0,0,0
83494,H,0,0,0
83496,H,0,0,0
83497,H,0,0,0
83499,H,0,0,0
83503,H,0,0,0
83505,H,0,0,0
83506,H,0,0,0
83507,H,0,0,0
83510,H,0,0,0
83511,H,0,0,0
83514,H,0,1,0
83516,H,0,0,0
83518,H,0,0,0
83519,H,0,0,0
83520,H,0,0,0
83522,H,0,0,0
83524,H,0,0,0
83525,H,0,0,0
83526,H,0,0,0
83527,H,0,0,0
83528,H,0,0,0
83529,H,0,0,0
83530,H,0,0,0
83533,H,0,0,0
83535,H,0,0,0
83536,H,0,0,0
83539,H,0,0,0
83540,H,0,0,0
83541,H,0,0,0
83542,H,0,0,0
83543,H,0,0,0
83544,H,0,0,0
83546,H,0,0,0
83549,H,0,0,0
83551,H,0,0,0
83552,H,0,0,0
83553,H,0,0,0
83554,H,0,0,0
83556,H,0,1,0
83557,H,0,0,0
83558,H,0,0,0
83562,H,0,0,0
83563,H,0,0,0
83565,H,0,0,0
83567,H,0,0,0
83568,H,0,0,0
83569,H,0,0,0
83574,H,0,0,0
83575,H,0,0,0
83576,H,0,0,0
83578,H,0,0,0
83580,H,0,0,0
83581,H,0,0,0
83583,H,0,0,0
83584,H,0,0,0
83585,H,0,0,0
83586,H,0,0,0
83589,H,0,0,0
83590,H,0,0,0
83592,H,0,0,0
83593,H,0,0,0
83595,H,0,0,0
83597,H,0,0,0
83599,H,0,0,0
83600,H,0,0,0
83604,H,0,0,0
83605,H,0,0,0
83610,H,0,0,0
83612,H,0,0,0
83613,H,0,0,0
83614,H,0,0,0
83615,H,0,0,0
83616,H,0,1,0
83618,H,0,0,0
83619,H,0,0,0
83620,H,0,0,0
83623,H,0,0,0
83624,H,0,0,0
83625,H,0,0,0
83627,H,0,0,0
83630,H,0,0,0
83632,H,0,0,0
83633,H,0,0,0
83634,H,0,0,0
83636,H,0,0,0
83637,H,0,0,0
83638,H,0,0,0
83639,H,0,0,0
83640,H,0,0,0
83642,H,0,1,0
83643,H,0,0,0
83646,H,0,0,0
83647,H,0,0,0
83648,H,0,0,0
83650,H,0,0,0
83652,H,0,0,0
83655,H,0,0,0
83657,H,0,0,0
83658,H,0,0,0
83659,H,0,0,0
83660,H,0,0,0
83662,H,0,0,0
83663,H,0,0,0
83664,H,0,0,0
83665,H,0,0,0
83667,H,0,0,0
83668,H,0,0,0
83669,H,0,0,0
83671,H,0,0,0
83672,H,0,0,0
83674,H,0,0,0
83676,H,0,0,0
83677,H,0,0,0
83678,H,0,0,0
83683,H,0,0,0
83684,H,0,0,0
83687,H,0,0,0
83688,H,0,0,0
83689,H,0,0,0
83690,H,0,0,0
83692,H,0,0,0
83694,H,0,0,0
83697,H,0,0,0
83699,H,0,0,0
83700,H,0,0,0
83701,H,0,0,0
83702,H,0,0,0
83703,H,0,1,0
83705,H,0,0,0
83707,H,0,0,0
83708,H,0,0,0
83709,H,0,0,0
83711,H,0,0,0
83712,H,0,0,0
83713,H,0,0,0
83714,H,0,0,0
83715,H,0,0,0
83717,H,0,0,0
83718,H,0,1,0
83720,H,0,0,0
83721,H,0,0,0
83723,H,0,0,0
83724,H,0,0,0
83726,H,0,0,0
83727,H,0,1,0
83729,H,0,0,0
